ncrna,TCGA.A4.7287,TCGA.A4.7583,TCGA.A4.7584,TCGA.A4.7734,TCGA.A4.7828,TCGA.A4.7915,TCGA.A4.7996,TCGA.A4.7997,TCGA.A4.8098,TCGA.A4.8311,TCGA.A4.8312,TCGA.A4.8515,TCGA.A4.8517,TCGA.A4.8518,TCGA.A4.8630,TCGA.A4.A48D,TCGA.A4.A4ZT,TCGA.A4.A5DU,TCGA.A4.A5XZ,TCGA.A4.A5Y0,TCGA.A4.A6HP,TCGA.A4.A772,TCGA.AL.3468,TCGA.AL.3471,TCGA.AL.3473,TCGA.AT.A5NU,TCGA.B1.7332,TCGA.B1.A47N,TCGA.B1.A47O,TCGA.B1.A654,TCGA.B1.A655,TCGA.B1.A656,TCGA.B1.A657,TCGA.B3.3926,TCGA.B3.4103,TCGA.B3.4104,TCGA.B3.8121,TCGA.B3.A6W5,TCGA.B9.4113,TCGA.B9.4115,TCGA.B9.7268,TCGA.B9.A5W7,TCGA.B9.A5W8,TCGA.B9.A5W9,TCGA.BQ.5876,TCGA.BQ.5881,TCGA.BQ.5883,TCGA.BQ.5884,TCGA.BQ.5888,TCGA.BQ.5892,TCGA.BQ.7045,TCGA.BQ.7046,TCGA.BQ.7049,TCGA.BQ.7050,TCGA.BQ.7051,TCGA.BQ.7055,TCGA.BQ.7059,TCGA.BQ.7060,TCGA.BQ.7061,TCGA.BQ.7062,TCGA.DW.5560,TCGA.DW.5561,TCGA.DW.7834,TCGA.DW.7836,TCGA.DW.7837,TCGA.DW.7838,TCGA.DW.7839,TCGA.DW.7840,TCGA.DW.7841,TCGA.DW.7842,TCGA.DW.7963,TCGA.DZ.6132,TCGA.DZ.6133,TCGA.DZ.6134,TCGA.DZ.6135,TCGA.EV.5901,TCGA.EV.5902,TCGA.EV.5903,TCGA.F9.A7VF,TCGA.G7.6790,TCGA.G7.6792,TCGA.G7.6795,TCGA.G7.6796,TCGA.G7.7502,TCGA.G7.A4TM,TCGA.GL.7773,TCGA.GL.8500,TCGA.GL.A4EM,TCGA.GL.A59T,TCGA.HE.7128,TCGA.HE.7129,TCGA.HE.A5NF,TCGA.HE.A5NH,TCGA.HE.A5NI,TCGA.HE.A5NL,TCGA.IA.A40X,TCGA.IA.A83V,TCGA.IA.A83W,TCGA.IZ.8195,TCGA.IZ.8196,TCGA.IZ.A6M8,TCGA.IZ.A6M9,TCGA.J7.6720,TCGA.KV.A6GD,TCGA.KV.A6GE,TCGA.KV.A74V,TCGA.MH.A55W,TCGA.MH.A55Z,TCGA.MH.A560,TCGA.MH.A561,TCGA.MH.A562,TCGA.MH.A854,TCGA.MH.A855,TCGA.MH.A856,TCGA.MH.A857,TCGA.O9.A75Z,TCGA.P4.A5E7,TCGA.P4.A5EB,TCGA.P4.A5ED,TCGA.PJ.A5Z8,TCGA.PJ.A5Z9,TCGA.SX.A71R,TCGA.SX.A71S,TCGA.SX.A71U,TCGA.SX.A71V,TCGA.SX.A71W,TCGA.SX.A7SL,TCGA.SX.A7SN,TCGA.SX.A7SO,TCGA.SX.A7SP,TCGA.V9.A7HT,TCGA.Y8.A898
ENSG00000130600,4.83,4.332,1.398,3.712,9.288,1.151,0.884,1.326,1.813,0.782,3.004,1.803,1.195,2.468,3.638,1.077,1.83,3.314,5.558,4.995,1.558,2.157,2.715,0.408,0.708,1.808,3.868,2.969,2.434,0.796,4.28,5.621,4.773,1.527,2.413,10.103,2.655,4.262,0.76,1.501,1.119,2.543,0.462,3.388,4.098,4.236,2.188,3.297,2.577,4.922,4.771,2.348,1.775,3.925,2.118,3.524,1.051,2.649,3.959,0.86,1.644,3.652,1.882,2.17,2.968,3.87,2.016,5.063,2.193,2.635,4.149,1.512,2.53,3.391,2.097,1.525,1.629,4.598,2.439,4.988,2.969,3.876,2.094,2.803,1.722,1.935,1.637,3.526,4.124,2.249,3.772,0.958,0.959,3.311,2.26,4.892,3.317,1.819,2.5,1.547,1.336,0.073,1.746,3.618,1.022,2.027,3.17,1.934,3.195,2.722,3.405,3.478,3.388,2.944,6.106,2.101,3.151,2.788,1.472,0.999,2.28,2.876,0.798,1.865,4.284,3.832,2.295,3.537,4.714,2.197,1.916,2.112
ENSG00000135253,0.533,1.147,2.908,2.368,0.876,0.471,2.287,2.602,2.696,3.556,2.537,1.582,2.488,1.176,3.561,1.207,3.676,4.104,3.124,2.231,3.061,2.965,3.196,3.115,0.145,2.976,1.3,2.676,2.667,3.005,0.851,1.718,2.791,1.519,3.432,1.474,2.368,2.827,2.893,2.09,2.488,2.115,1.523,1.584,0.112,1.474,1.229,1.633,1.712,0.163,2.158,3.057,1.597,3.769,2.531,0.365,1.909,2.005,3.024,2.818,4.466,3.122,1.455,1.733,2.01,1.208,0.989,2.751,2.223,3.144,2.246,1.262,3.219,1.187,1.644,2.51,1.822,1.803,2.555,1.352,0.685,2.461,1.541,2.335,3.079,2.113,2.318,1.059,1.983,1.563,2.261,2.736,1.792,3.953,3.865,3.146,2.435,2.536,1.568,3.149,1.908,3.58,0.862,1.757,3.282,2.51,3.087,3.171,1.611,2.544,2.211,1.544,2.857,2.478,2.973,2.833,2.957,1.251,1.367,1.544,2.848,5.236,4.12,3.886,4.304,1.881,1.399,2.969,3.695,4.049,3.059,2.433
ENSG00000163364,2.07,0.402,0.038,0.923,3.493,2.504,0.082,1.323,2.57,0.795,4.963,1.942,0.107,0.89,0.011,0.373,2.928,1.312,0.055,0.869,1.019,1.567,0.051,0.867,0.577,1.841,0.234,1.199,1.86,0.237,0.113,2.038,2.05,2.727,1.009,0.669,0.661,0.149,1.185,1.71,0.034,0.894,1.593,0.729,0.826,0.22,3.119,0.149,3.902,0.794,0.151,0.893,2.459,1.148,0.347,0.454,1.499,0.075,0.933,0.693,0.166,0.38,1.019,0.466,0.902,1.576,2.518,0.602,0.994,2.097,0.467,0.517,0.131,1.933,0.369,0.159,3.254,1.509,0.291,0.097,1.714,1.804,0.401,0.239,0.869,2.94,2.441,0.595,0.132,0.532,0.67,2.385,1.422,2.249,1.522,0.673,0.89,2.18,0.07,0.337,0.95,0.149,0.818,1.498,3.131,3.143,1.272,0.514,0.1,0.824,0.116,1.539,1.374,2.354,4.378,0.443,1.479,2.443,2.572,2.636,2.865,0.33,0.23,1.971,2.852,0.809,2.388,0.938,0.485,0.157,1.387,1.816
ENSG00000166770,3.215,3.019,2.599,0.551,2.864,2.467,0.228,2.348,1.987,2.525,3.677,2.244,1.991,2.113,2.892,2.748,0.228,0.109,0.314,2.125,2.758,1.746,0.149,2.582,0.752,2.95,1.536,2.278,2.942,1.615,2.284,0.791,0.932,0.086,2.247,0.504,0.661,2.975,3.187,3.103,3.091,0.312,1.77,3.26,1.466,1.132,3.54,2.208,0.189,0.514,2.607,0.191,2.769,3.164,0.083,2.996,2.35,0.865,0.422,2.83,0.194,0.126,0.706,2.706,2.53,2.501,4.055,2.497,2.481,3.011,1.676,2.648,0.448,1.772,3.099,1.91,1.925,2.712,2.958,0.257,3.421,0.249,2.124,2.793,2.95,3.766,3.084,2.16,0.143,1.67,0.092,0.31,0.352,2.26,1.688,3.166,1.519,2.672,1.604,1.132,1.561,0.573,1.932,1.268,0.354,0.247,0.157,1.591,0.894,1.866,2.689,2.943,2.732,2.719,3.939,2.419,2.758,0.228,2.43,2.086,0.298,0.241,3.23,0.215,0.264,0.534,0.849,2.613,0.239,0.448,2.091,1.525
ENSG00000174171,1.644,3.74,3.917,1.585,1.957,1.1,1.893,2.465,5.12,2.639,1.789,2.666,2.512,1.539,3.438,2.357,3.397,4.301,1.767,1.758,4.234,3.754,5.016,3.617,1.552,3.911,1.975,4.867,2.234,3.455,1.141,2.272,2.661,2.002,3.555,2.051,1.533,2.738,3.526,3.91,1.289,2.971,1.466,2.675,1.102,1.637,1.428,2.24,3.201,1.052,1.739,1.408,1.713,2.386,1.278,1.294,1.069,1.143,0.947,2.634,3.355,4.536,2.067,2.029,2.838,1.582,3.974,3.572,4.016,4.098,1.598,1.411,2.053,1.542,3.053,1.927,3.147,1.172,2.368,1.002,2.169,2.647,1.919,2.416,3.373,1.965,3.934,1.73,1.48,1.188,2.171,1.776,2.259,3.439,3.87,3.704,2.231,3.532,1.629,2.828,1.791,4.837,1.367,2.742,4.608,3.396,4.243,5.098,3.134,2.806,4.025,3.853,2.912,4.606,0.843,2.339,3.17,2.126,2.305,1.301,2.794,5.056,2.228,3.172,2.783,4.382,3.865,3.941,1.294,2.301,2.279,2.668
ENSG00000178947,0.187,2.404,3.251,1.05,2.272,1.706,2.216,2.299,1.087,1.774,2.13,3.214,3.313,3.995,3.526,3.153,3.383,3.104,3.904,3.2,1.64,2.064,3.573,3.18,2.284,3.122,4.001,0.933,1.793,1.517,3.797,0.929,2.121,2.575,2.603,0.258,2.241,2.778,1.46,1.056,2.498,2.6,3.062,2.22,1.263,2.376,3.187,5.019,0.762,2.805,2.023,2.896,0.757,3.929,2.987,2.546,1.803,3.071,2.441,2.999,1.264,2.131,1.342,1.132,2.297,1.97,0.883,2.341,1.962,1.006,2.074,1.176,3.403,3.017,1.415,1.065,1.972,0.85,3.089,4.24,1.578,3.541,3.672,3.339,1.401,1.425,2.779,1.949,3.613,2.05,2.848,3.998,1.894,2.831,1.879,3.538,2.06,2.211,3.256,1.829,2.91,1.273,1.398,2.815,3.151,3.88,2.648,1.954,3.228,1.466,1.933,2.136,2.772,1.208,3.033,1.029,2.022,3.388,1.688,1.676,3.534,1.736,1.226,2,4.15,2.043,1.658,1.808,4.288,3.722,2.776,2.054
ENSG00000203706,4.007,1.926,3.114,3.955,2.366,1.916,3.148,2.734,1.341,2.807,2.047,2.839,3.064,0.837,3.469,1.485,3.255,4.55,2.669,0.967,4.774,4.123,3.387,3.307,1.979,3.313,2.74,5.203,1.876,5.5,1.106,3.348,3.633,2.155,3.543,0.407,2.098,2.761,3.553,4.089,4.241,4.424,1.791,3.509,1.687,2.144,0.773,1.969,2.083,1.245,2.346,1.616,1.703,2.754,1.837,1.53,2.449,2.277,2.92,2.483,4.497,4.55,4.559,4.477,4.335,2.276,4.191,3.872,3.97,4.362,2.155,2.409,3.242,2.195,3.464,2.919,4.122,2.994,5.036,1.687,3.049,2.802,1.888,3.972,4.159,3.465,3.304,0.565,2.119,1.76,3.204,1.563,3.244,2.947,3.476,3.24,3.01,3.959,1.745,3.86,3.579,4.629,3.505,2.049,4.378,3.365,2.952,4.418,1.358,4.04,4.947,4.638,2.406,2.838,1.595,4.206,2.408,2.019,2.863,1.99,4.771,5.042,4.697,3.969,2.176,4.36,3.609,4.263,2.825,2.774,1.466,4.088
ENSG00000204528,0.831,1.773,1.218,2.845,3.72,2.17,1.893,1.653,0.559,3.209,0.455,1.965,0.635,0.227,2.12,0.215,3.06,1.943,1.37,1.959,1.813,3.272,2.624,3.28,2.6,2.836,0.845,2.524,2.997,4.79,1.023,1.696,0.903,2.042,2.131,1.297,2.101,1.05,1.906,3.995,3.34,1.595,2.219,1.16,0.701,0.141,0.39,0.546,0.412,1.326,2.242,1.494,0.862,2.179,2.375,0.334,0.84,0.509,1.061,1.37,1.704,2.174,0.846,3.733,1.387,0.451,2.684,0.984,4.156,4.312,0.887,0.881,1.625,0.214,1.901,1.948,2.17,0.728,0.534,0.154,1.827,0.216,0.383,1.859,1.452,1.189,0.595,0,0.221,1.532,3.241,0.307,1.2,2.399,1.084,0.822,0.368,1.638,0.245,1.873,0.071,1.004,2.272,1.503,1.88,1.651,3.189,0.874,0.388,2.484,2.097,2.123,0.437,3.475,0.054,4.334,1.842,0.612,1.407,2.205,1.094,3.013,3.037,2.034,1.2,1.008,1.276,1.342,2.818,1.354,1.845,0.211
ENSG00000211683,1.433,1.904,1.807,1.852,0.536,0.103,1.672,1.359,0.749,3.517,0.879,1.498,1.401,0.956,2.672,0.98,2.901,4.57,2.027,0.678,3.434,3.595,3.489,3.613,2.756,2.346,1.004,5.307,2.615,4.182,1.11,1.298,3.429,1.254,3.312,1.778,1.851,2.733,3.718,3.208,1.325,2.694,2.16,0.902,0.695,1.162,0.125,1.156,2.086,0.756,0.804,2.537,0.615,2.545,1.123,0.561,0.922,1.143,0.652,2.154,5.006,3.416,2.418,2.496,2.574,1.303,1.518,3.265,3.154,2.675,0.984,0.934,2.577,0.438,1.994,1.393,1.509,0.682,3.522,1.02,1.131,3.58,3.83,2.009,3.118,1.193,1.548,0.32,2.042,0.917,1.013,1.287,2.396,3.777,3.481,2.89,1.425,2.536,0.701,2.462,1.407,4.698,1.5,3.124,4.412,3.449,1.78,4.138,1.649,2.689,4.009,2.26,2.406,2.388,0.909,2.858,1.334,1.199,3.276,1.868,3.432,4.986,3.749,2.773,2.682,2.184,2.619,2.976,3.168,3.09,2.074,3.27
ENSG00000212694,2.107,2.392,2.532,1.69,0.645,0.399,1.555,1.555,1.904,2.802,2.122,1.769,1.154,0.724,1.949,1.102,2.911,4.096,1.693,0.611,4.336,3.274,2.466,3.863,2.045,3.067,0.811,4.548,1.128,2.735,0.404,1.33,2.092,1.957,2.589,2.668,1.685,2.645,4.112,2.66,1.395,1.619,1.616,2.102,0.327,0.297,0.653,0.571,2.06,0.453,1.069,0.775,1.375,1.933,0.913,1.018,0.82,0.661,1.203,1.687,3.667,2.972,0.705,2.348,1.694,0.785,2.122,2.711,2.491,2.01,1.157,1.115,2.207,0.802,1.957,1.892,3.04,0.811,2.317,0.309,0.658,2.905,1.508,1.919,2.55,1.972,1.496,0.648,1.721,1.276,1.445,1.128,1.641,3.242,3.147,2.582,1.348,4.072,1.237,1.921,0.893,4.177,0.634,1.849,3.579,1.779,2.656,4.086,1.651,1.953,3.291,3.025,1.177,3.139,1.9,2.332,2.182,1.072,4.117,2.341,3.226,3.465,2.713,3.063,2.383,3.221,3.44,2.235,2.559,1.76,2.407,2.069
ENSG00000213373,0.006,0.1,2.04,0.32,0.022,0.014,1.288,0.404,0.35,0.735,0.143,2.75,0.838,1.83,0.854,0.212,0.867,2.068,1.208,0.35,2.603,1.6,2.571,2.61,3.527,0.165,0.895,3.542,0.513,2.103,1.139,2.558,0.869,0.18,0.752,0.092,0.442,1.627,1.364,1.765,0.152,1.441,0.066,0.174,0.628,0.155,0.007,0.009,0.096,3.282,0,0.36,0.024,0.399,1.569,0.544,0.196,0.166,1.21,0.48,0.708,2.19,0.765,0.227,2.821,0.104,0.68,2.52,2.583,0.766,0.254,0.007,2.727,0.086,2.041,0.236,0.522,0.023,0.458,0.94,0.021,1.673,1.046,1.312,1.568,0.047,0.106,0.019,0.237,0.039,0.427,0.017,1.017,1.408,2.171,2.96,0.243,1.597,0.438,0.747,0.048,0.077,0.544,1.893,3.263,6.423,0.01,3.74,0.17,0.724,1.613,0.495,0.752,0.369,1.621,1.796,0.757,0.551,0.088,0.875,1.438,1.783,2.876,1.222,0.27,1.257,1.136,0.598,2.113,0.175,0.231,1.162
ENSG00000214049,7.026,0.759,0.006,1.32,1.623,3.885,0.046,1.344,0.204,1.532,0.009,0,0.393,0.053,0.009,0,0.02,0.309,0.055,0.008,0.03,0.412,0.006,0,0.014,3.122,2.096,0.215,0.194,0.528,0.007,0.008,0.015,1.179,0.36,2.385,0.076,0.072,0.146,0.018,2.529,1.953,0.089,0.026,0,0.014,0.003,0.003,1.037,0.004,0,0.149,0.709,0.008,0.064,0.01,0.079,0,0.016,1.261,0.021,0.282,0.095,0.187,0.135,0.112,0.188,0.192,3.041,0.975,0.01,0.007,0.039,0.026,4.045,3.096,0.232,0.515,0.099,0,2.538,0.07,0.028,0.007,0.884,0.102,0.123,0,0.092,0.037,0.003,0.016,0,0.507,0.007,0.029,0.013,0.469,0.286,0.209,0.009,0.541,0.048,0.028,0.299,0.059,0.246,0.011,0,0.112,0.023,5.542,0.059,1.308,0.069,0.209,0.778,0.259,0.33,0.035,0.073,0.153,0.014,0.046,0.226,0.008,1.523,1.081,0.002,0.405,0.195,0
ENSG00000214401,1.975,0.731,2.733,1.777,1.474,0.697,2.56,0.663,0.415,2.41,1.003,1.986,2.012,1.235,2.859,1.228,1.3,3.644,1.526,1.107,3.769,1.63,1.594,2.879,1.598,1.288,1.269,2.841,2.426,2.728,2.631,2.271,1.831,0.86,1.26,0.674,0.936,1.144,1.485,2.594,2.213,1.813,0.73,1.56,2.646,3.347,0.452,0.511,1.103,3.346,0.838,1.735,1.758,0.824,2.648,0.763,0.996,1.399,2.528,1.399,2.994,1.747,1.834,4.157,1.568,2.577,2.05,1.604,2.184,1.54,2.191,0.75,1.815,1.873,0.992,2.218,1.282,1.88,3.095,2.523,0.894,3.016,3.113,2.055,1.637,2.418,2.158,1.809,1.694,1.124,3.355,3.16,1.354,2.561,1.482,1.436,4.134,1.132,3.536,1.801,2.07,3.568,1.869,2.45,4.056,4.942,0.755,1.994,2.518,3.585,2.293,1.529,1.162,1.453,0.901,2.311,1.972,1.138,2.044,0.598,3.793,2.439,3.946,1.357,1.35,1.651,1.575,3.819,2.572,3.186,0.891,3.91
ENSG00000215808,0.131,0.143,5.553,0.134,1.794,0.412,0.008,3.19,3.066,3.667,0.056,3.104,3.782,3.538,0.019,4.124,0.038,3.692,0.018,3.051,0,0.011,0,0.187,4.224,3.17,2.004,2.667,0.086,0,4.145,3.053,3.105,2.855,3.174,0.037,0.027,0,2.912,2.554,2.082,3.215,2.889,0.333,0.02,2.287,2.506,3.75,0.018,3.252,3.05,3.429,3.051,3.545,0,1.456,3.799,4.586,0.032,0.246,1.836,2.267,0.29,0.152,2.784,2.443,4.488,0.074,2.546,3.318,2.89,1.592,3.418,2.091,3.599,3.394,3.801,2.673,1.496,0,4.322,1.031,0,0.179,3.913,2.747,3.303,2.578,0.055,2.307,3.4,0,2.767,0,2.905,0,2.772,3.454,3.681,0.066,3.854,3.33,2.267,0.359,0,0,2.697,0.032,0.008,1.943,0,1.848,3.428,0,0.048,3.638,3.531,4.262,0,0.135,2.435,1.809,2.868,0,0,0.006,0,0.037,0.174,0.012,0,3.014
ENSG00000223764,0.391,0.518,0.026,1.298,0.751,0.306,1.338,0.014,0.026,0.898,2.318,0.119,0.291,0.044,0.64,0.023,0.308,1.103,0.027,0.059,0.971,0.095,0.323,1.584,1.138,3.607,0.308,1.461,0.335,2.599,0.016,0.126,0.113,0.098,1.953,2.083,1.617,0.143,0.172,0.052,2.055,1.585,0.004,1.172,0.061,0.068,0.998,0.059,0.014,0.539,0.042,0.115,0.733,0.144,0.005,0.028,0.056,0.039,0.431,0.429,4.275,3.042,0.485,1.531,0.515,0.077,1.522,0.278,0.19,2.498,0,0.281,0.653,0.373,0.779,1.168,2.724,0.434,1.871,0.034,0.018,0.331,0.149,0.387,0.228,2.437,1.627,0.155,0.012,0.059,0.35,0.053,1.267,0.183,0.047,2.379,0.24,0.199,0.109,2.553,0,0.833,0.573,0.748,0.256,0.058,0.28,0.073,0.146,0.86,0.142,3.856,0.078,3.144,2.309,0.938,0.527,0.033,3.584,0.246,0.54,3.823,2.238,0.637,0.035,0.522,0.279,2.558,1.842,0.117,0.14,0.524
ENSG00000223914,0.037,4.886,6.032,4.607,0.353,3.844,5.159,6.1,5.026,2.708,0.317,4.54,6.117,3.779,5.549,3.121,5.663,3.332,5.199,4.02,3.218,4.498,4.669,4.593,4.1,3.778,4.525,2.416,2.673,3.048,3.847,1.894,2.616,4.477,5.249,0,2.623,5.688,4.785,4.165,5.376,4.834,3.122,6.158,0.089,2.319,0.057,1.837,0.745,3.14,3.076,3.659,3.395,3.996,5.506,0.048,3.981,4.245,3.674,5.07,1.725,4.35,4.405,4.367,4.451,3.987,5.198,4.355,4.729,5.097,3.614,4.25,5.204,5.387,4.818,4.738,4.332,4.922,2.3,4.368,5.456,1.738,2.724,3.983,4.543,3.851,4.818,4.132,4.668,5.019,5.373,4.839,5.193,2.911,4.257,3.351,2.075,4.748,4.768,5.414,2.809,2.399,3.863,3.405,3.232,4.838,4.994,3.591,5.157,4.368,3.387,3.54,4.072,2.556,0.356,4.434,5.382,5.229,0,1.834,4.313,3.726,5.339,5.412,5.412,4.983,3.27,4.067,2.582,3.494,4.971,3.566
ENSG00000224189,1.178,1.829,0.043,2.151,3.254,3.018,0.133,2.52,3.001,0.676,4.191,1.828,0.659,0.471,0.076,0.208,2.815,1.166,0.039,0.447,1.543,1.647,0.15,1.776,0.479,1.374,1.716,1.24,1.136,1.24,0.063,0.825,1.488,2.827,1.218,1.03,1.085,0.096,2.348,1.963,0.413,0.958,1.604,2.078,1.445,0.123,3.374,0.186,2.882,0.385,0.032,1.09,2.152,1.363,0.78,4.127,2.006,0.034,0.365,0.781,0.112,1.16,2.198,0.3,1.265,1.601,2.582,1.015,1.722,3.295,0.813,0.229,0.112,1.918,2.377,0.138,2.337,1.726,0.968,0.056,2.288,1.597,0.163,0.194,1.817,2.947,1.172,1.637,0.121,1.354,0.161,1.537,2.366,1.393,1.665,2.062,0.398,2.045,0.405,1.331,0.461,0.115,1.169,0.967,1.289,2.038,2.141,0.387,0.17,1.535,0.134,2.306,2.475,1.97,3.596,0.586,0.808,3.501,2.372,1.283,1.429,1.191,1.488,2.039,2.498,1.109,1.247,0.987,1.693,0.289,1.835,1.499
ENSG00000224307,1.63,0.748,0.254,3.045,1.463,0.336,3.158,2.086,0.386,1.581,2.932,1.78,1.015,0.353,2.476,1.366,2.632,1.911,2.721,0.116,2.51,2.967,0.558,0.638,1.49,1.761,3.238,2.142,0.753,2.668,1.256,1.947,2.453,2.113,0.988,0.359,2.303,2.114,2.913,1.985,1.995,0.878,1.329,0.32,0.483,0.823,1.805,1.365,0.615,0.771,0.109,1.274,2.046,0.323,1.591,0.796,2.22,0.889,0.696,2.028,0.465,1.416,1.478,0.995,1.908,1.182,3.675,2.04,1.259,2.735,0.52,2.627,1.874,1.227,2.777,3.286,0.111,2.692,2.337,0.696,0.53,1.062,0.301,2.212,2.327,2.69,0.194,1.255,2.324,2.246,0.207,1.358,0.843,1.437,1.076,0.498,2.697,4.006,0.114,2.832,1.149,3.202,2.624,2.135,1.238,0.707,2.22,1.685,0.059,2.36,1.807,0.534,1.189,1.51,0.372,2.486,1.559,0.836,3.509,1.778,2.688,0.752,2.323,2.844,1.447,3.227,0.279,2.954,0.556,2.208,1.57,3.248
ENSG00000224318,0.045,2.573,2.843,2.47,0.223,0,2.733,0.042,2.579,3.201,1.431,3.734,2.433,1.788,4.325,1.828,4.083,3.74,2.107,1.161,4.141,3.02,4.285,4.795,0,5.012,3.022,2.87,1.247,3.964,2.036,3.038,3.937,0.535,4.036,0,0.807,3.923,2.594,3.519,4.207,4.035,0.767,1.761,0,3.763,0.68,2.558,0.203,0.036,1.598,1.938,0.843,0.908,1.065,0.844,0.51,1.983,1.358,2.869,3.062,2.752,3.692,4.345,2.537,2.637,3.01,2.88,1.975,3.334,1.793,0.07,4.473,1.703,1.682,2.219,3.357,2.788,4.926,3.019,1.205,3.23,2.525,4.054,2.903,1.99,4.755,0.119,3.166,1.8,4.578,0.327,2.333,3.92,4.238,1.255,1.003,1.015,1.879,2.873,1.264,3.462,3.191,3.455,5.413,5.027,1.643,3.462,0.093,3.169,3.278,4.224,0.036,3.264,0.742,3.535,3.954,2.22,1.597,0.26,5.055,4.197,3.728,2.543,3.57,3.05,3.091,4.213,0.875,2.229,0,4.071
ENSG00000225138,0.52,2.518,4.184,2.469,1.263,1.582,2.398,2.375,3.4,5.102,1.153,3.41,1.951,0.776,2.341,1.905,3.326,3.128,2.07,2.119,4.764,3.143,2.456,2.673,1.764,3.335,0.649,5.447,3.218,4.093,0.496,0.896,2.011,2.459,3.112,2.108,3.263,2.878,3.421,1.862,2.055,2.418,0.994,1.831,0.254,1.926,0.643,1.115,1.899,1.542,2.064,1.855,1.409,3.217,0.074,1.483,0.199,2.586,1.827,2.521,6.339,2.756,1.421,2.675,1.819,1.397,3.459,3.442,2.529,3.439,1.771,1.073,1.943,0.377,2.159,3.868,4.495,0.134,3.978,1.036,1.398,1.911,1.82,3.194,4.199,3.06,2.816,1.184,1.429,1.567,2.38,1.337,2.135,3.022,2.837,4.545,2.632,0.817,2.166,3.04,0.179,0.495,1.21,1.274,2.982,2.415,3.451,4.663,1.883,2.566,4.471,2.651,2.507,0.709,2.535,4.991,4.919,0.107,2.399,3.113,2.412,5.609,4.061,3.54,2.497,3.179,3.776,4.804,0.136,3.346,2.574,1.587
ENSG00000225329,0,1.232,2.52,5.193,0.261,0.494,4.769,3.352,0.432,3.406,2.861,3.799,3.235,0.958,3.178,0.98,4.211,3.616,3.929,0.901,3.468,3.57,3.267,4.311,0.546,4.035,3.512,3.275,2.488,3.916,0.841,1.643,2.016,5.065,4.168,0.044,2.991,3.838,5.453,4.467,4.745,3.545,0.178,3.202,2.467,1.204,1.547,0.712,1.518,0.313,1.083,1.162,2.849,4.215,4.095,0.24,2.81,0.349,1.839,3.111,2.376,3.75,3.722,4.6,3.275,2.353,5.641,4.383,3.078,5.418,1.151,4.878,4.044,2.376,3.982,4.594,3.319,4.518,2.817,3.492,4.247,2.183,1.812,3.747,4.807,4.458,2.372,0.414,3.281,2.762,4.904,1.167,4.909,2.438,1.332,5.121,2.657,3.019,1.225,5.789,0.481,1.435,4.361,2.86,2.464,4.243,3.907,2.663,0.074,4.689,2.904,2.665,4.628,2.272,0.189,5.161,3.947,3.067,0.054,1.284,4.697,2.488,5.56,3.741,3.156,4.204,1.743,3.431,4.246,2.847,2.873,3.536
ENSG00000225490,0.209,1.817,1.591,3.581,1.474,1.134,2.018,1.322,1.542,1.577,3.263,1.801,1.773,0.643,0.68,0.691,0.242,2.849,1.868,0.032,1.736,1.84,0.612,2.401,1.944,2.699,0.005,3.225,0.311,0.287,0,1.984,1.904,1.631,0.119,0.752,0.131,1.546,0.376,2.73,2.918,0.97,1.212,3.438,0.127,0.404,0.07,0.004,1.325,0.482,0.355,1.766,0.95,2.762,1.081,0.733,1.137,0.888,0.087,1.222,0.187,3.187,1.205,0.408,0.298,1.163,0.061,2.172,2.356,2.432,0,2.127,1.054,0.325,1.617,0.265,2.442,1.749,3.022,0.914,2.399,2.526,1.266,2.426,1.856,2.382,2.051,0.056,1.345,1.649,1.787,0.756,1.916,1.824,0.212,1.778,2.173,0.693,1.398,1.892,1.212,1.806,2.817,1.632,2.667,1.984,1.542,2.48,0.849,2.694,2.946,0.425,1.371,0.493,0.166,2.1,1.028,2.411,0.148,0.21,2.939,1,1.878,0.174,2.498,0.252,2.173,2.014,1.773,1.364,0.188,2.692
ENSG00000225969,0.191,0.802,1.391,2.825,1.165,1.378,2.026,2.321,1.081,1.587,0.474,2.528,3.272,0.874,1.053,0.922,1.496,3.461,2.205,1.889,4.723,3.182,2.251,1.066,2.958,2.071,2.812,2.773,1.637,2.942,0.161,3.159,1.394,0.146,1.59,0.343,0.781,1.686,1.51,3.806,3.953,3.293,1.421,0.402,1.57,2.519,0.065,0,3.441,1.999,2.068,0.706,1.692,0.537,1.49,0.281,2.521,0.619,1.928,1.86,2.85,3.573,2.536,3.345,2.958,1.039,0.386,2.173,3.633,2.159,0.792,0.92,2.958,2.245,1.383,2.13,1.577,2.38,1.688,1.327,0.682,1.949,2.532,2.277,3.902,0.331,2.02,0.254,1.603,4.024,1.124,0.928,2.069,2.053,2.26,1.698,1.487,2.137,0.984,1.538,2.039,4.582,1.826,2.176,4.18,3.05,0.82,2.285,1.427,1.594,3.54,2.139,1.39,1.405,0.18,2.883,1.934,1.139,3.066,0.472,1.39,3.402,3.503,2.059,1.032,1.752,2.663,3.905,0.187,1.105,0.678,2.215
ENSG00000226738,1.244,0.211,0,0.271,0.469,0.392,0.04,0.833,0.324,0.029,5.607,0.076,0.182,0,0.034,0,0,0,0,0.056,0,0.405,0,0,0.21,0.134,0.159,0.146,0.02,0,0.052,0,0.015,0,0.093,2.413,0.457,2.313,0.174,0.157,0.085,0.189,0.093,0,0.069,0.188,7.375,0,1.808,0.032,0.763,0.112,1.104,0,0.059,1.66,0.164,0.101,0,0.091,0.283,0.034,0.178,0.029,0.26,2.554,0,1.231,1.666,0.035,0,0.166,0.053,0.202,0.028,0.352,0.056,1.548,0,0.069,1.967,0,0.132,0.045,0.15,2.268,0,0.077,0.111,1.436,0.178,0.237,0.575,1.165,1.424,0.136,0,2.771,0,0.003,0,0,0.058,0.007,0,0.034,0.071,0.347,0.003,0,0,0.405,0,0.138,2.715,0.447,0.047,0.017,0,0.276,0,0.44,0.135,0.203,0.132,0.054,0.034,0.545,0.047,0.061,0,0
ENSG00000227053,2.216,0.127,2.902,3.195,1.911,0.083,2.675,2.456,1.902,3.301,0.05,2.942,2.857,0,2.714,1.743,3.533,3.538,1.845,0.082,5.687,3.901,2.191,3.267,3.115,3.458,4.31,2.93,1.034,4.842,0.409,1.946,2.242,0.911,1.808,0.188,2.171,2.328,2.255,4.615,2.939,2.735,0.615,1.225,2.045,1.146,0.069,0.392,3.683,0.71,1.147,1.586,0.378,0.361,0.904,0.055,1.765,1.356,0.456,1.971,4.853,3.926,3.272,3.861,3.308,1.667,2.803,4.022,3.628,1.953,1.922,1.499,3.297,2.105,0.801,1.868,0.954,3.771,3.486,1.513,1.667,3.459,0.547,3.489,3.91,2.606,1.821,0.823,2.814,1.627,4.283,1.103,2.992,3.27,2.933,0.15,2.033,3.262,0.223,3.134,3.445,5.557,2.443,2.373,4.49,1.22,2.525,3.482,0.989,2.033,5.417,6.268,0.445,2.325,0,3.503,3.221,0.837,0.935,1.171,4.159,3.912,1.872,3.044,2.009,4.021,2.031,4.045,0,3.642,2.423,3.657
ENSG00000227869,0.013,5.468,6.077,3.047,0.757,1.791,4.29,6.23,4.605,2.986,0.061,5.909,5.069,3.205,5.183,3.418,5.407,5.404,5.445,2.298,5.261,5.29,5.06,2.291,6.513,0.854,3.218,3.929,4.043,3.608,2.906,4.84,1.517,0.604,4.191,0.05,4.421,6.102,5.655,5.742,3.464,6.059,3.993,3.117,3.385,3.333,0.15,0.227,0.024,4.676,4.789,2.876,2.293,3.534,4.252,0.012,4.07,5.372,4.941,4.159,3.793,3.066,5.653,5.327,5.469,4.245,0.477,5.298,5.984,5.052,5.557,4.645,4.15,4.141,5.53,3.253,3.93,5.207,2.734,4.035,4.473,2.871,3.887,2.138,5.995,1.381,5.187,2.011,4.989,3.999,4.573,3.811,5.399,4.6,4.876,4.561,4.092,3.049,1.9,4.264,5.521,4.794,5.657,3.818,4.457,4.965,4.773,0.685,4.39,4.103,5.604,0.664,4.495,3.313,0.08,5.444,4.223,4.442,0,2.761,4.995,3.011,4.66,6.115,5.53,4.265,5.876,6.238,2.543,2.772,5.707,5.49
ENSG00000228262,0.497,4.549,3.813,5.612,1.97,1.268,4.659,5.77,3.628,4.061,1.86,3.123,2.738,2.27,3.777,1.89,3.841,4.014,3.591,2.581,4.941,4.216,4.258,5.749,4.478,4.917,3.181,5.051,4.153,2.62,4.558,4.012,3.795,5.431,5.124,0.118,3.332,3.544,2.791,4.145,4.405,2.662,3.766,3.807,2.239,3.117,0.996,2.562,4.838,3.98,2.806,4.679,4.151,3.925,3.757,0.406,4.595,3.334,3.895,3.116,3.563,5.032,3.483,3.977,3.381,2.197,3.698,2.977,4.672,4.354,3.211,4.614,3.984,3.523,5.6,3.87,4.403,4.881,3.906,4.428,2.462,3.976,4.743,4.934,3.615,4.302,5.223,1.705,3.596,2.722,4.453,2.723,4.036,3.664,3.382,2.569,3.231,5.289,3.719,4.686,2.192,4.822,3.172,4.314,3.809,4.571,5.077,2.497,1.906,3.347,2.347,3.44,3.126,4.221,2.2,5.102,4.513,3.861,4.272,2.17,3.93,4.642,4.863,4.482,3.871,4.717,5.016,4.269,4.6,2.978,4.523,3.364
ENSG00000228315,1.82,2.61,2.489,2.802,0.825,0.239,2.42,2.124,1.507,4.366,1.264,2.213,1.978,1.377,3.488,1.526,3.562,5.158,2.559,0.975,3.715,4.165,4.05,3.797,3.143,3.046,1.373,5.588,2.921,4.629,1.7,1.442,3.96,1.769,3.887,2.583,2.731,3.063,4.13,3.594,1.862,3.325,2.594,1.504,0.874,1.316,0.473,1.641,2.28,1.307,1.069,3.082,1.225,3.376,1.804,1.155,1.576,1.836,1.223,2.834,5.604,4.128,2.951,2.939,3.126,1.776,2.17,3.658,3.854,3.645,1.578,1.42,3.619,0.842,3.016,2.271,2.225,1.114,3.87,1.222,1.709,3.776,3.947,2.515,3.593,1.533,2.141,0.663,2.283,1.588,1.569,1.856,2.919,4.245,3.964,3.755,1.95,3.139,1.106,3.66,1.776,4.939,1.802,3.54,4.805,3.871,2.224,4.521,2.035,3.279,4.232,2.54,2.959,2.735,1.527,3.747,2.004,1.425,3.553,2.367,3.772,5.506,4.714,3.658,3.456,2.882,3.212,3.734,4.145,3.661,2.767,3.559
ENSG00000229233,0.091,2.816,1.334,3.915,2.182,1.2,3.791,3.243,0.422,3.761,2.627,2.508,2.684,1.125,3.886,0.959,3.267,4.414,3.199,0.673,2.833,3.208,3.441,4.851,0.65,4.795,2.819,3.493,2.469,3.177,0.565,0.501,3.349,3.266,4.061,0.143,3.536,3.632,4.82,4.305,3.464,2.707,2.775,2.698,0.047,1.295,2.544,1.742,2.621,0.228,1.887,3.112,2.482,2.818,2.037,2.955,2.422,1.896,0.49,3.061,2.837,4.138,3.041,3.967,3.088,1.694,4.387,3.204,2.941,3.706,2.191,2.831,3.025,2.398,3.089,3.451,2.71,3.67,2.597,1.955,2.739,2.263,1.4,3.274,3.88,3.034,3.253,0.274,2.266,2.301,3.82,2.474,4.092,3.823,3.502,1.52,2.367,2.682,2.653,4.317,2.263,3.443,3.873,1.805,2.724,1.869,3.736,3.074,0.129,2.923,2.909,2.256,2.607,3.484,1.857,4.679,4.259,2.033,1.196,2.33,2.805,4.013,4.98,4.324,3.11,3.748,2.491,3.809,1.94,2.547,3.372,2.971
ENSG00000229380,0.064,0.992,2.326,4.606,0.571,0,4.006,2.62,1.445,2.944,0.102,2.983,4.286,0.372,2.533,0.503,3.941,4.368,3.842,1.617,5.814,2.63,4.458,4.239,2.449,4.885,3.51,5.152,2.52,6.544,0.258,2.836,1.564,3.091,3.353,0.105,1.67,3.662,5.048,5.068,5.724,4.152,0.44,3.201,0,2.065,0.077,0.407,2.888,1.223,1.712,1.783,0.527,3.843,1.87,0.081,1.952,1.463,3.604,3.426,5.346,5.75,4.319,5.604,4.232,1.505,4.896,5.27,4.08,5.085,0.972,3.014,3.824,2.119,2.427,4.054,5.218,4.273,3.705,2.58,1.204,4.001,1.284,4.758,4.754,4.489,3.015,1.031,1.695,2.322,3.303,1.231,4.325,3.712,2.57,6.481,2.713,3.061,3.116,5.772,2.394,4.871,5.075,3.069,4.435,4.362,4.704,4.666,1.376,4.011,6.156,5.46,5.998,3.292,0.008,5.104,4.858,2.059,0,0.96,4.83,5.542,5.69,2.959,3.357,4.176,4.509,4.871,3.846,2.218,2.167,4.108
ENSG00000229807,3.804,0.022,0.001,4.268,3.143,2.974,1.896,0.013,0.004,0.007,0.001,0,0.001,0,0.702,0.042,4.633,5.686,1.031,3.361,0.008,0,0.068,0.041,0.001,0.005,1.935,0.011,4.211,4.084,0.94,0.008,0.004,4.825,0.016,0.012,2.624,0.038,0.008,0,0.035,0.002,0.002,0,0.03,0.016,1.926,1.096,1.476,0.002,0.004,0.003,0.016,4.4,0.002,0,0.001,0.001,4.244,0.001,5.999,0.012,0.005,0.004,0.001,0.003,5.67,0.003,0.018,0.006,0,0.034,0.574,0.001,0.008,4.576,0.002,0.009,0.591,0.034,0,0.009,0.002,0.029,0.025,4.41,0.003,0.018,0.118,0,0.011,0,0.002,0,0,4.817,0.007,0.034,0.013,0.011,0,0.004,0,0.018,0,0.038,0,0,0,0,0.014,3.272,2.737,0.005,0.034,0.092,4.253,0.001,0,2.659,3.394,0.078,5.378,0.057,0.074,0,0.001,0.103,0,4.415,0.036,0.043
ENSG00000229953,0.597,2.577,1.94,3.514,0.928,3.104,2.952,3.11,2.361,2.129,0.666,2.57,1.198,2.55,2.535,2.015,2.191,1.749,1.895,3.072,0.515,1.57,2.22,1.569,1.297,1.539,2.102,1.448,1.241,0.728,0.074,0.15,1.463,0.868,2.871,0.788,2.487,2.291,1.614,1.69,3.138,2.472,1.32,1.003,0.132,0.438,0,0,0.557,2.195,1.545,2.578,1.9,0.086,3.776,0,2.031,2.405,1.779,1.453,1.152,1.303,1.293,1.673,1.617,2.137,0.552,2.454,2.058,3.286,0.601,2.64,2.709,2.273,2.383,2.92,2.913,2.478,1.061,2.347,2.825,0.801,1.728,1.399,2.598,2.975,1.049,2.013,0.869,1.793,2.895,1.463,2.194,0.929,0.991,1.057,1.705,1.341,2.172,2.561,0.594,0.46,0.906,0.874,0.818,1.32,2.253,0.211,0,1.706,0,1.437,1.74,1.565,0.028,3.032,1.624,2.296,0,1.187,0.992,1.536,2.423,2.661,2.163,1.976,1.825,1.754,0,2.089,3.225,0.254
ENSG00000231210,0.025,0.763,3.192,0.685,0.125,0.038,2.952,2.744,0.936,0.302,0.068,3.73,2.545,3.452,1.891,2.273,2.099,2.636,3.463,1.318,4.273,3.052,2.804,1.596,1.757,0.386,2.005,1.217,0.448,1.568,1.932,2.542,1.753,0.183,1.504,0.045,0.565,2.223,1.759,3.333,1.475,2.811,0.679,0.977,2.909,2.307,0,0.179,0.02,2.655,0.901,1.285,0.171,0.905,3.614,1.009,1.69,2.173,1.913,1.648,1.189,2.935,2.158,1.67,3.02,1.683,0.027,3.493,3.166,0.917,1.98,0.841,3.066,2.136,1.193,0.278,0.217,1.505,1.477,2.933,0.71,0.912,1.29,1.843,2.43,0.046,1.406,0.711,2.77,1.344,2.727,1.314,1.502,1.787,1.586,0.993,1.565,2.002,1.533,0.857,2.761,1.5,2.953,2.142,3.89,5.609,1.078,2.446,0.386,0.914,3.83,1.774,0.765,0.062,0.011,0.987,0.758,1.896,0.055,0.439,2.009,1.97,0.668,2.491,1.771,2.895,0.428,1.622,2.159,1.573,2.089,2.402
ENSG00000231426,0.015,1.927,1.095,0.166,0.94,0.067,0.745,3.646,1.902,0.66,0.005,1.569,1.005,0.996,1.599,1.713,0.816,1.036,1.46,0.242,1.522,2.832,0.38,0.468,0.099,0.206,0.561,0.165,1.743,0.269,0.929,0.701,2.003,1.469,0.979,0,3.286,2.305,1.23,2.472,0.359,1.017,3.679,0.581,0.731,0.412,0,0.333,0.104,0.052,1.702,1.777,0.167,0.209,0.098,0.099,3.621,1.147,0.159,0.502,0.147,1.213,0.308,0.516,1.052,1.568,0.057,1.499,0.421,0.092,2.259,2.399,0.796,2.083,0.853,0.245,0.102,0.634,2.297,0.459,0.387,0.168,0.386,0.415,0.619,1.08,1.404,0.595,1.902,0.886,0.709,1.214,1.5,1.841,1.311,0.341,2.517,3.27,0.835,0.358,2.412,0.855,1.638,0.895,0.494,0.374,1.579,0.835,0.023,0.333,1.247,0.224,1.81,1.564,0.02,0.417,1.891,0.713,0.057,2.268,0.757,0.616,0.165,2.675,1.175,2.161,0.063,0.717,0.048,2.763,3.717,1.021
ENSG00000232110,1.337,1.391,5.06,2.922,0.442,0.138,2.116,3.345,3.693,3.772,0.746,4.417,3.525,2.756,3.283,3.474,2.86,3.719,2.47,4.242,2.871,3.523,3.652,3.057,0.295,2.083,1.849,2.784,3.983,4.699,2.293,2.579,3.635,4.801,3.905,0,2.773,1.994,3.022,3.329,3.628,2.748,2.615,2.252,2.152,3.275,0.63,0.709,2.227,0.341,4.664,3.151,1.651,3.708,3.501,0.836,1.981,3.523,2.508,3.704,4.199,2.443,4.692,3.95,2.867,4.337,0.874,2.283,2.641,3.7,3.799,0.912,2.022,1.812,4.02,1.928,5.256,1.516,4.775,1.924,3.38,1.678,1.165,1.611,3.377,1.709,1.902,4.062,1.507,2.127,3.23,2.136,2.137,2.098,3.879,2.869,4.565,1.638,3.239,2.474,5.969,5.475,2.872,1.695,1.775,1.842,1.392,3.492,3.049,4.33,2.976,3.747,3.546,3.351,0.886,2.975,1.98,4.101,0.157,1.313,3.012,3.96,3.527,4.556,2.946,1.787,4.7,3.738,2.531,4.001,1.084,4.411
ENSG00000232153,0.154,3.367,2.834,2.457,0.759,0.381,2.151,2.822,2.544,3.633,0.633,1.47,1.028,0.127,2.803,0.087,2.555,3.196,1.195,0.785,1.739,2.941,2.878,5.824,2.522,4.245,1.009,3.382,3.428,0.585,0.437,0.465,1.977,3.837,3.939,0.143,2.004,2.063,1.637,2.124,1.462,1.307,2.347,1.413,0.167,0.283,0.067,0.072,2.402,1.431,1.1,1.972,1.548,1.492,1.352,0.133,1.075,0.641,0.979,1.531,2.85,4.179,1.88,2.799,2.208,0.365,2.006,2.274,3.348,2.821,1.119,2.049,2.063,0.332,2.745,1.929,2.867,1.411,0.442,0.911,0.39,2.284,1.826,2.917,2.728,1.775,2.026,0.229,1.316,1.384,2.822,1.021,2.746,2.505,2.772,1.389,0.61,4.125,0.767,3.07,0.038,2.006,0.959,2.923,2.161,1.771,3.084,1.436,0.137,0.593,0.008,0.866,1.133,3.133,0.584,3.437,2.69,1.401,1.327,1.076,1.167,3.526,3.705,3.253,2.415,2.917,3.321,2.904,2.523,1.699,3.302,0.965
ENSG00000232426,0,0.889,3.449,0.021,0,0.05,1.915,1.612,0.332,0.418,0.261,2.565,0.38,0.379,0,0.799,2.075,2.324,3.67,0,1.314,2.922,3.977,0.256,0,0.307,0.539,0.205,0.268,0.538,0.165,0.034,1.321,0.221,1.121,0,0.305,1.827,0.719,3.053,1.403,3.437,0.925,0.258,1.04,0.287,0.286,0.412,0.155,0.013,0,0.512,0.058,0.621,2.773,0,0.274,0,0.121,1.274,0.398,0.49,1.343,0.016,2.416,1.614,0.248,0.693,2.32,0.015,0.864,0.748,2.673,1.342,0.219,0,0.027,0,0.823,3.519,0.535,0.643,2.298,0.035,0.276,0.512,1.64,0.029,2.416,0.633,0.418,0.598,2.541,0.696,1.241,1.32,1.681,0.744,0.118,1.917,2.66,0.037,1.094,1.492,2.509,5.401,0.8,1.303,0,0.588,1.374,0.674,0.133,0.021,0.24,0,0.209,2.374,0.039,0.24,3.561,2.926,0.044,2.51,0.871,0.965,1.137,0.217,0.172,0.963,1.215,1.954
ENSG00000232527,1.956,1.859,4.058,4.45,1.977,2.957,4.828,4.155,4.898,4.432,1.65,3.322,3.277,4.677,4.867,3.751,3.828,4.882,4.676,4.563,4.488,4.59,3.604,4.048,4.663,3.423,4.282,3.641,3.74,5.449,2.969,4.559,3.767,2.413,3.712,2.194,3.556,4.301,2.581,4.258,4.827,4.019,3.972,4.395,4.113,3.494,0.492,3.294,1.965,3.844,3.177,4.711,1.457,3.392,4.534,1.284,3.531,2.548,4.914,3.848,1.871,3.891,4.605,4.459,4.156,3.916,3.041,4.254,4.317,4.22,3.13,3.018,5.568,2.852,3.631,2.259,5.098,4.226,5.264,4.261,2.21,5.03,3.343,3.327,4.469,3.466,3.644,3.451,5.273,3.354,3.069,3.19,3.548,3.646,3.503,5.155,4.047,4.125,2.671,4.928,4.488,3.855,2.967,3.216,4.738,5.687,1.624,3.827,3.701,4.496,4.373,2.806,4.31,3.811,1.525,3.437,2.63,3.878,1.521,1.885,5.316,2.869,2.455,4.915,3.627,4.471,5.437,5.101,3.708,4.42,3.965,4.852
ENSG00000232636,0,4.464,0.015,0,0,0,0.169,0.037,3.007,0.823,0,0.015,0.046,3.119,0.645,0.016,0.674,1.108,0.17,0.239,0.286,4.585,0.633,0.435,0.256,0.725,0.781,0.256,1.21,0.122,0.158,0.368,2.743,1.649,0.954,0,0.302,1.769,0.18,0.203,0.765,0.53,3.783,3.407,0,0,0,0,0.198,0.112,0.214,0.383,0,1.266,0.008,0,0,0.154,0.955,0.751,0.06,0.012,0.358,0,2.314,0.618,0,0.119,1.524,0,0.739,0.099,0.496,0.298,0.148,0,0.011,0.07,1.372,0.738,0.028,0.599,3.76,0.113,1.218,0,0.605,0.587,1.716,1.593,0.086,1.391,0.15,0.82,2.291,0.135,0.154,0.186,0.096,0,0.079,1.356,0,0.197,0.839,2.8,0.225,0.09,0.054,0.044,0.34,0.131,1.949,0.701,0.032,0,0.555,2.252,0,0.667,0.813,0.242,0,2.347,0.401,0.337,4.221,0.447,0.413,2.759,1.165,1.604
ENSG00000232931,1.365,1.712,1.7,1.934,1.483,0.771,1.295,0.813,2.246,2.929,1.077,1.022,0.551,0.184,1.945,0.111,1.772,2.559,1.265,0.961,2.91,1.879,1.732,2.887,1.454,3.002,0.865,3.773,2.68,3.135,0.523,0.293,1.893,2.105,2.115,0.357,2.062,1.563,3.002,2.607,0.493,1.116,1.306,1.244,0.554,0.142,0.257,0.546,2.503,0.666,0.396,1.442,1.301,1.503,0.814,0.968,0.487,0.659,0.786,1.271,3.034,2.466,1.371,1.977,1.195,0.741,2.778,2.153,1.866,3.054,0.717,0.69,0.855,0.438,1.034,2.235,2.171,0.619,2.239,0.358,0.514,2.742,1.241,2.223,2.749,1.464,1.711,0.104,1.576,0.852,0.94,1.097,2.157,2.381,2.167,2.244,0.266,2.481,0.518,1.84,0.129,3.155,0.633,2.538,2.69,1.056,1.494,2.447,0.65,1.559,1.902,2.069,0.992,3.345,1.661,3.644,1.452,0.732,4.712,2.134,1.983,3.306,3.462,2.221,1.734,2.156,2.633,2.122,1.907,2.178,1.974,1.637
ENSG00000233255,2.488,0.354,0.437,1.117,0.748,2.685,2.08,0.539,0.204,0.465,4.141,1.445,0.959,0.364,2.555,1.281,1.506,0.449,0.335,0.398,0.196,0.683,1.409,3.375,0.057,3.37,0.76,0.406,2.103,0.293,0.654,0.094,2.49,4.231,1.013,0.232,0.401,1.796,1.216,1.089,0.905,0.386,0.265,0.982,0.077,0.156,4.466,1.141,2.05,0.06,1.407,0.384,1.773,0.669,0.579,3.166,0.444,1.358,0.209,0.904,0.204,0.865,0.702,1.07,0.5,0.365,2.476,0.809,0.245,1.373,0.33,0.727,0.716,1.717,0.379,1,0.564,1.206,0.149,0.752,1.776,0.23,0.605,0.855,0.773,1.382,1.822,0.816,0.868,0.586,3.684,1.883,1.877,0.299,0.384,0.142,1.033,1.99,1.503,1.965,0.278,0.445,0.662,0.712,0.541,0.427,4.006,0.356,1.991,0.891,0.497,0.322,0.52,0.589,3.809,0.899,1.99,0.553,0.156,0.371,0.674,0.64,1.303,0.726,2.785,2.535,0.212,0.445,0.748,0.541,0.413,0.4
ENSG00000233429,1.508,3.515,3.239,3.056,1.687,1.87,1.813,3.752,2.933,4.193,1.693,2.301,1.778,0.863,3.81,1.492,3.215,5.22,2.07,0.983,3.726,3.618,4.025,3.382,1.223,4.434,2.08,3.707,2.579,4.445,1.755,1.34,3.466,2.91,3.965,3.507,2.832,3.259,4.446,5.028,2.267,3.689,2.166,1.569,0.753,2.434,1.889,2.235,3.103,0.665,3.031,2.93,2.407,2.66,1.459,0.822,1.197,1.935,0.981,2.302,5.253,4.778,3.31,3.967,3.289,2.04,3.216,4.287,3.526,4.531,2.806,1.59,2.826,1.115,2.812,3.756,2.462,2.845,4.181,1.611,1.961,2.886,4.053,2.778,4.257,4.126,2.63,0.765,2.674,1.235,3.653,1.462,2.642,3.675,3.547,3.312,2.736,2.623,1.008,3.491,3.093,5.23,3.287,2.425,4.257,3.023,3.609,3.558,1.186,3.132,4.767,4.317,2.474,3.726,1.65,5.043,3.202,1.205,4.169,2.02,4.26,4.866,3.163,2.91,2.122,2.95,3.322,4.278,2.235,3.707,3.708,2.884
ENSG00000233627,0.35,1.337,3.707,3.803,2.763,1.275,4.564,4.194,2.513,4.333,0.843,4.174,2.089,2.52,3.323,2.816,2.563,4.928,4.907,1.807,5.639,4.698,1.654,2.599,4.898,2.194,2.935,4.968,5.106,5.525,1.718,4.693,4.144,0.075,3.296,0.149,4.347,4.16,3.377,4.513,2.276,3.741,3.825,1.978,1.941,2.931,0.649,1.196,5.814,2.481,3.782,3.325,3.072,1.952,4.677,1.296,3.936,4.362,2.813,3.325,3.289,4.63,3.859,3.938,4.154,3.122,2.096,5.358,3.828,3.155,3.482,4.644,3.482,2.311,4.763,3.585,1.028,1.848,4.719,2.903,4.271,3.145,2.711,2.094,3.972,3.079,1.09,1.6,3.371,1.391,2.521,2.546,4.132,2.529,2.525,2.793,4.414,4.295,3.662,3.52,5.776,4.026,4.565,4.436,3.543,2.344,3.886,4.669,1.418,4.771,5.349,3.276,5.283,4.207,0.158,4.39,3.381,1.919,4.443,3.582,3.458,3.284,2.773,3.819,3.17,4.131,1.118,2.837,0.669,2.372,4.344,4.282
ENSG00000233639,0.152,4.319,3.331,3.905,5.176,2.221,3.597,3.916,4.275,3.184,4.32,3.884,2.727,1.907,3.654,3.205,4.176,4.037,3.774,2.548,5.07,4.031,3.564,4.649,4.859,5.003,4.319,4.502,3.785,5.126,2.204,3.929,3.765,2.952,2.958,0,2.798,4.721,4.014,5.08,3.347,4.316,2.667,3.153,2.407,2.862,3.028,2.273,4.577,3.717,4.031,2.34,3.987,2.769,3.142,2.365,2.652,2.556,2.356,3.006,3.96,4.689,4.213,4.787,3.719,4.185,6.005,4.378,3.827,4.464,2.519,3.01,3.095,2.273,3.799,3.224,3.903,3.97,4.728,3.606,4.645,3.542,4.185,3.74,4.747,5.271,4.475,2.388,4.545,1.977,4.34,2.517,4.426,3.887,3.097,4.725,3.827,3.915,3.484,4.021,4.297,4.953,4.528,3.708,4.843,4.034,4.363,4.859,3.027,4.405,4.856,6.963,4.251,5.442,3.18,4.676,4.79,3.202,3.939,2.807,4.733,4.308,4.032,3.712,4.03,4.964,4.354,4.902,2.698,3.12,3.479,4.43
ENSG00000233834,0.756,3.11,4.323,3.759,2.588,1.168,4.068,3.9,2.923,2.332,1.533,3.766,3.551,3.471,3.963,3.266,3.601,3.634,3.731,2.302,4.223,4.016,4.153,3.67,4.263,3.107,2.528,3.778,2.068,4.167,3.202,3.875,2.864,1.887,3.167,0.85,2.702,4.541,4.456,5.096,3.99,4.622,3.324,3.422,3.091,3.694,0.782,3.722,1.447,3.654,2.545,2.699,1.332,3.159,3.446,0.469,4.084,3.323,3.345,3.327,2.158,4.417,3.946,4.256,4.222,3.045,3.973,4.935,4.295,4.163,3.437,3.288,3.286,3.231,3.07,2.678,3.035,3.663,3.652,3.846,3.488,2.82,3.667,4.345,4.607,2.775,4.438,3.059,4.051,2.467,3.942,3.02,4.282,2.324,3.133,3.032,3.953,3.312,2.635,4.371,4.262,3.578,4.648,3.617,4.176,4.332,4.285,4.223,4.743,4.356,4.402,3.208,1.956,2.389,2.243,4.024,3.779,3.269,1.572,2.464,3.63,4.124,4.119,4.139,4.135,4.59,2.662,3.859,2.556,2.909,3.781,4.123
ENSG00000234184,2.01,0.721,0.56,2.233,0.596,0.217,3.901,3.257,0.278,3.016,0.785,3.651,2.353,2.767,4.26,3.839,3.86,3.32,3.495,3.605,3.754,3.454,2.566,3.261,0.374,2.481,3.174,2.625,3.27,3.958,1.64,4.701,3.472,0.188,2.228,0.078,2.08,4.429,4.12,4.532,2.856,4.9,0.518,3.331,5.133,3.592,0.337,0.517,0.842,1.036,3.01,3.044,1.883,1.595,4.075,0.064,1.899,2.348,4.665,2.467,2.384,2.74,4.634,3.88,3.106,4.015,3.302,3.64,1.866,3.019,2.968,0.797,2.25,3.848,2.729,2.239,1.934,4.152,4.379,2.798,2.982,1.87,2.762,2.095,3.486,3.111,2.132,3.325,4.513,1.555,3.517,2.716,3.422,2.992,3.616,2.1,3.581,3.643,4.287,3.001,4.642,4.368,3.748,2.75,3.393,3.602,3.032,3.548,4.19,3.982,2.289,3.142,2.899,5.173,0.191,4.095,4.797,1.859,0.049,0.752,3.922,3.934,3.646,5.352,3.619,4.155,2.378,4.762,0.966,3.454,1.914,4.813
ENSG00000234449,0.153,2.778,2.324,2.491,0.916,2.558,3.381,3.268,2.294,3.962,1.048,2.468,2.656,1.476,2.4,1.831,2.619,3.248,0.124,0.157,1.461,2.423,0.145,1.62,1.757,2.144,1.904,1.55,2.073,0.86,0.093,0.326,1.451,0.049,4.332,2.505,0.107,0.938,1.573,1.922,2.543,0.16,0.145,0.246,0.038,0.554,0.034,0.088,0.08,3.576,0.076,0.104,1.141,1.638,1.499,0.521,0.105,0.043,2.004,0.082,1.211,0.198,2.485,2.708,1.588,0.11,1.059,0.994,0.367,3.003,0.103,0.098,0.041,1.75,2.205,1.928,0.207,2.509,0.138,0.1,3.058,0.028,1.152,0.194,2.314,1.411,0.125,0.701,1.204,0.152,0.106,1.252,2.987,1.349,2.774,1.29,0.073,2.391,2.087,0.102,0.058,1.791,1.177,1.1,0.107,1.573,0.026,0.064,0.084,0.281,1.5,0.09,0.212,2.165,0.015,2.424,3.228,1.61,0.07,1.503,1.037,1.257,2.939,1.513,1.868,1.713,2.635,1.998,0.084,2.91,1.451,0.1
ENSG00000235899,0.769,0.668,0.266,1.685,0.043,1.108,4.411,0.465,1.244,0.885,0.093,1.035,0.386,0.425,0.989,0.688,0.784,0.882,1.231,2.351,4.11,0.872,0.09,2.786,0.112,1.908,1.652,3.1,2.508,3.068,0.141,0.151,0.359,0.283,0.642,0.975,0.885,3.233,2.71,3.808,0.505,1.488,0.371,1.438,0.978,0.789,0.34,0.022,0.064,0.016,0.823,0.149,0.515,0.792,2.132,0.176,0.012,0.024,0.08,1.234,0.698,0.554,3.54,2.749,1.666,1.406,1.492,0.742,0.433,1.158,0.458,2.427,0.346,0.375,0.893,1.392,0.116,0.626,1.129,0.831,0.543,1.033,0.796,2.674,0.338,0.383,1.134,0.209,1.981,0.246,0.024,0.444,2.991,0.985,0.854,0.878,2.622,0.523,1.445,2.764,0.213,0.842,3.838,0.729,0.802,1.271,1.934,1.093,0,1.682,2.012,2.712,0.517,1.85,0.056,2.961,2.85,1.729,0.088,0.392,1.407,1.444,5.038,2.265,1.09,0.249,0.192,0.618,0.524,1.004,0.316,2.282
ENSG00000236039,0.615,0.33,0.131,2.685,0.377,1.302,0.377,0.736,0.478,0.752,0.012,0.227,0.029,0,1.467,0,0.68,1.423,1.574,1.232,1.901,0.795,0.059,0.236,0.069,0.042,0.174,2.844,1.29,1.191,0.101,0,0.155,1.675,1.704,2.207,0.748,3.099,2.521,1.941,0.495,0.405,0.351,0.14,0,0.027,0.119,0.035,0.894,0.044,0.072,0.203,2.492,0.043,0.133,0,1.737,0.055,0.109,0.33,1.791,2.993,0.118,1.326,0.942,0.072,0.083,1.305,1.865,2.734,0.11,2.939,0.142,0.251,1.86,2.603,1.828,0.106,0.276,0.017,0.863,0.082,0.665,0.15,3.646,2.098,1.247,0.234,0.499,1.238,0.426,0.347,2.855,1.993,0.844,0.223,0.132,1.678,0.036,2.294,0.018,0.276,1.76,0.133,1.224,0.082,0.58,1.839,0,1.768,1.731,0.65,1.016,2.49,0,1.168,1.58,0.39,2.437,1.227,0.363,0.193,2.996,0.391,0.987,0.189,0.092,0.447,0.118,1.587,2.69,0.104
ENSG00000236318,4.931,5.856,4.707,0.427,4.261,0.144,1.374,6.315,0.181,5.134,0.087,3.401,4.291,3.869,2.045,2.144,0.73,0.047,0.217,0.016,0.126,5.196,0.187,0.287,5.58,4.135,0.886,2.347,1.251,0.084,0.075,1.83,4.905,0.177,4.687,5.037,1.208,0.098,0.424,4.883,4.646,3.437,5.144,1.994,0,0.449,0.018,0,2.541,6.215,2.988,4.354,1.788,0,0.007,0.024,2.996,3.117,0.128,5.245,0.133,0.184,5.379,2.323,4.439,4.704,0.585,1.259,3.973,3.349,4.125,0.225,0.014,4.503,4.634,0.358,0.375,4.881,0.035,0.479,4.538,0.029,0.369,1.547,2.454,0.72,5.505,0.062,0.364,4.742,4.425,0.335,2.645,0.17,3.595,0,4.098,3.848,0.796,2.848,4.733,4.008,3.306,1.231,0.162,0.081,0.285,2.064,0.122,3.159,0.044,4.426,0.107,2.391,0.013,2.679,5.336,0.602,0.276,0.103,0.183,1.258,0.454,5.357,0.13,5.938,4.184,2.861,0,2.678,0.878,3.116
ENSG00000237949,0,2.54,1.465,0.107,1.3,0.092,3.84,0.866,0.471,1.126,0.554,2.327,1.176,1.384,1.722,1.038,0.681,0.162,0.938,0.055,3.138,1.857,0.69,0.123,1.302,1.38,0.389,2.068,2.89,0.526,1.805,0.395,2.154,0.564,1.727,0,1.315,2.2,1.209,3.539,0.88,0.775,0.583,1.629,0.207,1.113,0.454,2.735,0.693,0.059,0.678,0.654,0.184,1.831,0.035,0.049,0.423,2.068,0.09,1.513,0.021,0.557,1.95,1.861,1.463,1.3,1.333,1.062,0.841,1.299,1.518,1.151,0.111,1.123,0.467,0.378,0.515,0.404,2.343,1.107,1.32,0.249,2.554,0.887,1.006,0.923,2.06,0.404,0.993,0.382,1.541,0.499,1.646,0.343,1.406,0.046,2.37,1.139,2.898,0.739,3.277,3.395,2.445,0.734,1.587,1.779,2.592,2.504,0.107,2.509,2.041,0.294,3.515,0.609,2.488,0.086,0.111,0.365,0.024,0.358,0.966,1.022,0.048,1.618,2.056,3.299,2.666,0.355,2.196,1.32,0.964,3.147
ENSG00000239569,2.301,2.607,3.57,2.782,1.279,2.255,2.894,2.724,2.093,3.797,2.156,3.061,2.78,1.149,2.843,1.586,3.472,4.199,2.226,1.053,4.274,3.396,3.468,2.565,3.2,3.672,1.661,4.583,2.322,4.877,1.252,2.311,3.259,2.329,3.294,2.167,1.95,2.439,3.024,4.263,2.436,3.046,1.548,1.961,0.641,2.343,1.432,1.302,3.012,1.047,2.17,2.285,1.177,2.229,2.75,1.193,1.082,2.006,1.871,2.47,4.929,3.102,3.081,3.359,2.327,2.386,3.008,2.622,3.137,3.286,1.781,1.737,2.351,1.893,2.206,2.577,3.592,2.319,4.661,1.539,1.944,2.684,2.333,3.793,3.327,2.718,2.771,0.864,2.513,1.29,2.766,1.68,2.454,3.244,3.127,1.835,2.733,3.005,2.002,3.151,3.813,5.169,2.192,2.392,5.027,3.921,3.297,3.748,1.672,2.998,4.389,3.807,2.049,2.271,1.785,3.619,2.723,1.3,3.134,1.868,3.809,4.28,3.037,2.912,2.277,3.273,3.959,3.792,2.452,3.802,2.598,3.264
ENSG00000240241,1.093,0.012,0.041,0.062,0.375,0.127,0.018,0.511,0.012,1.655,0,0.024,0.6,0.06,0.252,0.099,0.014,0.59,0.014,0.066,0,1.799,0.097,0.099,0,0.077,0,0,0,0,0.017,0.229,0,0,1.393,0.04,1.19,0,0.39,0,7.596,4.47,0,3.303,1.117,0.007,0,0,0.027,0,0,0.188,1.57,3.66,0.157,0,0,0.013,0.05,0.003,0.021,0.008,1.967,0.02,4,0,0,0,5.344,0.033,0.855,0.003,0.012,0.374,0,0.057,0,0.248,0.482,0.08,0.003,0,0.041,0,0.034,0.018,0,0.01,0,0.143,0.007,0,0.041,0,0,3.544,0.057,0.054,0,0.039,0.465,0.641,0.755,0,0.116,0,0,0.035,0,0,2.153,0,0.018,2.324,0,0.071,0.298,0.052,0,0.147,0,0,0.01,4.692,0.028,0,0.2,3.601,0.017,0.091,0.112,0.444
ENSG00000241158,0.13,5.428,5.735,3.897,1.171,0.051,4.593,5.087,4.344,4.289,0.143,4.643,4.437,3.022,6.025,4.283,5.722,4.86,4.344,2.062,3.817,5.39,5.673,6.802,3.321,5.635,4.068,5.341,3.728,4.065,4.805,2.759,3.838,5.022,5.387,0.07,3.761,5.494,5.22,4.056,4.552,4.76,3.182,4.413,4.014,2.564,0.623,4.601,2.743,2.63,2.527,3.059,3.088,4.531,3.842,0.091,3.986,4.655,3.557,5.012,4.783,4.87,4.222,5.029,4.317,4.471,4.102,3.821,4.32,5.26,3.666,3.158,5.209,3.912,5.13,4.343,4.477,4.92,4.011,4.245,5.234,3.38,4.032,4.283,4.251,4.066,5.016,3.044,4.111,4.441,4.541,3.515,4.795,4.972,5.375,5.244,3.215,5.247,3.92,5.235,3.358,4.022,3.655,4.147,4.966,4.524,5.115,4.356,3.618,4.303,3.305,4.614,4.672,4.54,0.071,4.039,5.483,4.181,0.091,3.481,5.328,5.32,5.206,4.611,5.032,4.538,4.448,4.872,4.318,3.521,4.172,3.413
ENSG00000245532,4.618,4.31,5.508,3.458,4.196,3.82,4.429,4.223,5.376,5.768,5.411,4.228,3.975,2.37,5.04,1.697,4.328,4.958,3.963,4.202,4.437,4.904,5.239,5.882,3.452,5.106,2.187,5.097,5.998,4.969,3.047,2.359,4.911,5.528,5.851,5.66,5.229,4.094,5.069,3.761,3.079,3.582,3.736,4.095,2.486,2.796,2.785,2.792,4.487,2.434,4.198,4.423,3.414,4.746,3.494,5.589,2.237,3.488,3.838,4.611,5.726,5.443,2.874,4.62,3.52,3.335,3.751,3.633,4.87,4.854,2.764,2.386,3.203,1.584,3.53,4.079,3.883,2.715,4.195,1.888,3.183,3.218,3.398,4.631,4.792,3.562,3.958,2.127,3.591,3.251,4.085,4.092,4.066,4.404,4.802,4.768,3.334,4.654,2.591,4.343,2.517,5.261,1.584,5.36,4.905,3.992,3.936,4.636,2.174,3.504,3.986,3.261,3.432,6.21,4.159,5.665,4.842,2.876,5.162,4.536,4.18,5.974,5.236,4.762,4.935,4.166,4.027,5.064,4.115,6.176,5.064,4.063
ENSG00000245694,1.294,3.566,3.52,3.139,2.269,1.489,3.472,2.81,2.541,3.729,0.158,3.101,1.962,1.705,3.67,2.602,3.612,3.18,3.731,2.271,3.734,3.321,2.794,3.997,2.927,3.249,3.42,4.447,1.873,4.256,1.995,2.239,3.46,2.694,2.445,1.746,2.55,3.947,3.989,4.416,2.347,3.088,1.462,2.164,1.084,1.661,0.086,1.207,1.998,1.118,2.383,1.109,2.31,1.842,3.138,0.346,0.34,1.448,1.081,2.483,3.545,3.525,3.074,4.009,3.196,3.021,4.874,3.635,3.261,3.601,1.835,2.82,3.251,1.647,2.461,3.168,3.109,2.789,3.864,2.098,2.704,2.498,3.051,3.64,3.818,3.414,3.744,0.881,3.294,1.734,3.643,2.349,3.258,3.451,2.235,2.715,1.805,4.169,2.412,3.949,2.712,4.342,2.931,3.359,3.96,3.347,3.858,3.757,1.374,3.477,3.775,4.634,2.386,4.03,0.159,3.956,4.183,2.28,2.71,2.83,4.36,3.457,4.203,3.22,3.13,4.216,3.688,4.061,2.476,2.979,3.192,2.895
ENSG00000247134,0.239,0.289,0.026,0.173,2.01,1.412,2.536,0.167,2.068,0.067,0.045,0.104,0.131,1.768,0.16,0.262,0.112,0.26,0.208,1.835,0.576,0.428,2.833,2.93,3.26,0.112,2.013,0.136,3.363,0.502,0.508,1.057,0.199,2.69,0.214,2.804,0.447,2.523,0.442,0.881,2.392,0.292,1.549,3.639,2.591,1.673,0.168,3.322,0.379,2.895,1.923,2.597,0.302,3.738,0.043,0.091,0.696,0.185,2.904,0.321,0.128,0.238,1.371,0.08,0.421,1.97,2.216,2.278,1.77,2.476,0.173,1.097,0.042,0.959,0.2,0.194,2.35,1.057,3.182,0.217,1.661,0.084,0.867,1.035,0.289,0.524,2.994,1.904,0.234,0.648,0.035,0.246,0.224,1.691,0.256,0.254,0.709,0.487,0.188,0.16,1.056,0.303,0.746,0.216,0.384,1.944,0.272,0.079,3.903,2.475,2.485,2.726,0.261,0.2,0,0.33,0.081,0.338,0.29,0.555,0.087,0.079,0.132,0.285,2.307,3.208,1.733,2.515,3.407,2.382,2.856,0.544
ENSG00000249166,0.143,0.052,0,0.056,0.597,0.022,0.407,3.076,4.124,2.126,0,0.844,0.166,0.969,0.198,0.268,3.715,4.415,3.475,2.969,1.095,0.083,1.023,4.139,0.038,2.507,4.112,0.139,1.955,0.448,0.04,0,2.565,3.712,0.083,3.116,2.303,4.435,0.066,0.494,2.651,0.622,1.247,2.253,0,0.037,0,0.604,0.313,0.266,0,2.839,0,0.437,0.339,0,0.153,0,0,1.067,0.397,2.097,0.27,0.382,1.573,3.474,0.021,2.527,0.961,0,0,0.43,2.957,0.029,2.713,0,3.353,0.341,5.4,2.943,0,4.63,4.367,2.97,0,0.055,2.246,0.075,4.996,0.101,0.049,3.941,0.053,4.85,0,2.48,0.932,4.566,0.052,0,0,0.36,0.667,4.313,4.977,4.785,3.7,0.436,0,0.16,0.177,2.934,3.028,4.651,0.239,0.098,0.145,5.334,0,0.019,4.146,1.855,0,1.511,3.661,0.041,0.724,2.54,0.152,2.699,4.437,2.552
ENSG00000249396,0.029,0.036,0,0.033,0.23,0.008,0.163,2.181,2.932,1.239,0.005,0.469,0.062,0.408,0.095,0.116,2.628,3.155,2.376,1.759,0.395,0.021,0.539,3.02,0.015,1.628,2.668,0.156,1.03,0.109,0.016,0,1.507,2.728,0.022,2.448,1.461,3.039,0.04,0.156,1.53,0.162,0.52,1.218,0.014,0.015,0,0.255,0.106,0.081,0.02,1.71,0,0.18,0.141,0,0.049,0,0,0.472,0.155,1.081,0.06,0.124,0.797,2.134,0.016,1.337,0.45,0,0,0.209,1.807,0.017,1.743,0.003,2.107,0.092,3.316,1.646,0,2.694,2.637,1.69,0,0.027,1.077,0.02,3.33,0.07,0.003,2.514,0.011,3.33,0.015,1.297,0.437,3.278,0.024,0,0,0.077,0.319,3.014,3.457,3.198,2.344,0.242,0,0.064,0.037,1.496,1.848,3.444,0.093,0.029,0.058,3.726,0,0.008,2.685,1.238,0,0.988,2.815,0.028,0.262,1.462,0.059,1.763,3.239,1.336
ENSG00000250366,0,3.393,2.487,0.555,0,0.033,0.392,0.378,0.641,3.698,0.025,2.128,2.503,0.152,2.553,0.499,0.386,0.753,0.148,0.033,0.709,3.546,1.232,0.009,0,3.747,0.132,4.074,0.074,0.263,0,0.016,2.069,0,3.213,0,1.194,0.745,2.769,2.796,2.769,2.034,0.097,1.076,0.009,1.128,0.129,0.018,0.226,0.005,2.579,0.819,1.097,0.011,0.199,0.067,1.382,3.711,0.071,3.786,0.038,0.058,3.42,3.433,1.206,1.515,0.01,0.079,1.538,4.669,2.226,0.179,0.041,1.452,3.123,0.018,5.651,1.347,0.252,0.583,4.05,0.451,0.154,2.64,3.764,0,1.408,0.161,0.199,2.169,2.796,0.104,1.788,1.137,2.554,0.006,0.672,0.339,3.374,1.663,1.941,4.533,2.902,0.454,2.621,0.684,0.854,2.659,0.082,0.159,2.716,0.022,0.354,2.072,0,3.846,1.353,0.092,0.033,0.018,0.532,1.799,0.145,0.422,0.042,3.721,5.736,3.463,0.016,1.432,1.803,1.552
ENSG00000250579,0.028,2.097,0.681,2.404,0.037,0.02,1.451,0.039,0.482,2.497,2.814,1.014,0.628,0.055,2.12,0.104,1.587,2.049,1.435,0.066,0.944,1.976,2.228,3.815,0,2.814,0.29,4.121,0.88,4.029,0.074,0.359,0.866,0.281,2.155,0,0.942,2.318,2.508,2.822,1.641,1.678,0.031,2.893,0.034,0.075,1.019,0.063,0,0.081,0.237,0.263,0,1.451,1.985,0.027,0.047,0.11,0.215,1.302,2.36,2.379,0.818,2.409,0.426,0.188,0.828,2.6,2.227,2.489,0.102,1.2,0.975,0.176,0.398,1.762,3.605,0.538,1.644,0.43,0.256,2.129,0.422,2.165,2.5,0.468,2.005,0.024,0.562,0.394,0.104,0.076,1.824,1.243,1.713,3.957,0.44,0.562,0.991,3.519,0.29,2.386,0.992,1.039,1.92,1.593,1.799,2.844,0.131,1.93,1.855,0.786,3.129,1.387,2.473,1.938,1.941,0.202,0,0.795,2.707,3.861,4.22,1.74,0.644,1.705,2.507,2.465,1.557,0.557,0.429,1.127
ENSG00000251076,0,4.045,4.596,0,0,0,0.338,0.131,4.449,0,0,0.207,0.109,0,0.256,0,0.217,0.19,2.066,0.05,2.324,0.429,0.236,1.424,2.988,0.344,1.779,0.657,0.2,0.066,1.539,1.98,0.168,3.293,0.05,0.04,0.496,4.881,1.803,3.576,0.122,0.066,4.559,0.083,0,0,0,0.402,0,2.615,0,0.232,0,0.351,0,0,0.657,0.181,0.573,0.261,0.41,0.085,0.494,0.087,0.372,0.224,0,2.38,0.163,0.04,0.543,3.021,0.109,0.059,0.008,0,0.021,0.053,0.356,0.452,0.013,2.685,1.622,3.016,0.09,0,3.925,0,0.896,0.089,0.066,0.405,0.683,0.509,0.542,0.323,0.083,0,0.133,0.292,0.03,0.336,2.096,0.176,0.263,0.055,2.411,1.347,0.034,0.016,0.705,0.042,0.201,0.021,0,0.193,0.139,0.069,0,4.588,0.217,0.098,0.073,0.809,2.695,0.363,0.305,0.181,0.185,0.052,0.652,0.546
ENSG00000251151,0.082,0.177,0.561,1.892,0.415,1.152,0.267,0.321,0.78,0.495,1.313,0.448,0.082,0.632,0.159,0.485,0.467,2.473,0.362,0.052,3.716,2.762,1.674,2.233,0.025,1.609,0.436,0.637,1.733,3.875,0.024,0.196,1.695,0.224,2.164,0.014,0.311,2.74,1.879,1.893,2.179,2.697,0.575,2.164,0.128,0.117,0.005,0.27,0.258,0.813,1.322,0.111,0.669,0.866,0.307,0.371,0.677,0.753,0.189,1.938,3.207,2.058,0.331,0.353,0.597,1.152,2.539,0.546,2.927,2.358,1.089,0.815,1.88,0.097,0.116,0.244,0.283,0.898,0.779,0.178,1.927,0.21,0.161,1.328,0.548,2.016,1.286,0.065,1.352,0.797,0.281,0.137,1.641,1.405,1.261,0.124,0.532,2.782,0.165,0.203,0.341,2.383,0.315,0.901,0.615,2.489,0.29,0.957,0.08,0.325,2.787,3.39,1.458,0.439,0.013,2.765,0.264,1.236,1.589,0.927,0.415,2.812,0.172,0.792,1.068,3.355,0.432,0.817,0.144,0.242,0.321,1.684
ENSG00000251292,0,2.742,1.647,1.509,1.024,1.628,2.641,2.431,2.266,2.176,0.532,1.743,3.315,3.637,2.284,2.708,2.886,2.871,2.728,2.627,0.296,1.27,3.419,1.636,0.95,2.214,2.762,0.339,1.042,0.607,1.926,0.541,0.923,1.762,2.358,0.058,2.408,1.853,1.073,2.895,3.171,2.487,3.056,4.602,2.581,1.146,0.206,0.44,0.851,3.005,1.553,3.976,0.778,1.288,2.607,0.108,1.228,2.423,1.565,2.11,1.919,3.353,1.196,1.098,1.726,1.096,0.362,3.076,2.19,0.364,2.428,0.641,2.765,3.552,1.567,0.906,2.22,2.591,2.246,1.874,0.702,0.952,1.665,0.624,2.082,2.697,1.554,2.424,1.902,2.649,2.098,4.171,1.391,1.865,1.523,1.222,2.397,1.006,1.231,1.648,2.751,0.577,2.057,1.215,2,1.024,3.288,1.76,4.052,1.774,1.246,0.544,2.212,1.836,1.005,0.313,2.189,2.438,0,1.269,2.231,2.274,0.412,3.758,3.21,2.125,0.766,2.811,2.349,3.239,3.503,1.203
ENSG00000251562,3.425,5.176,5.282,3.311,3.227,4.199,3.799,4.738,5.691,5.685,5.037,3.343,4.329,2.012,5.076,1.37,4.715,5.291,3.828,3.64,4.6,4.837,6.385,6.072,3.37,5.183,2.29,5.792,5.514,4.345,3.763,2.512,5.335,5.862,5.969,5.738,4.353,3.932,6.298,4.855,2.842,4.751,3.783,4.034,3.048,3.249,3.436,3.265,5.036,2.816,4.158,4.97,3.866,4.87,3.368,4.452,3.297,4.579,4.347,5.109,5.475,5.898,4.536,4.753,4.055,3.477,5.394,4.294,5.424,5.67,3.35,3.414,3.547,3.167,3.664,4.513,4.781,3.264,4.309,1.923,4.477,5.293,4.917,5.044,4.78,4.581,3.873,2.106,3.343,3.883,3.856,3.62,4.396,4.66,5.232,4.431,2.833,4.916,3.182,5.139,1.745,5.059,2.585,5.25,5.077,3.749,4.191,4.617,3.149,3.293,4.079,4.795,3.643,6.127,5.714,5.234,5.17,2.911,4.782,4.902,4.501,6.916,5.533,5.124,4.988,4.675,5.476,4.645,4.864,5.569,4.511,4.387
ENSG00000253888,0,2.716,0.175,0.569,0,0.038,2.24,1.781,2.274,1.343,0.09,2.572,1.682,1.915,2.735,0.178,1.391,3.037,2.456,0.524,2.343,1.968,2.906,1.878,1.731,1.516,0.983,2.138,1.479,1.427,0.24,0.534,1.233,0.824,2.16,0,1.39,2.549,1.903,2.438,2.456,2.327,1.312,1.79,2.302,0.895,0.004,0.188,0.007,3.009,0.233,1.749,0.015,0.293,3.078,0,1.339,1.685,3.398,1.506,0.272,2.095,0.938,1.579,1.405,0.359,0,1.569,2.077,0.496,1.125,1.275,2.84,0.932,0.647,0.185,1.463,0.759,1.988,2.286,0.048,2.313,1.6,1.827,0.952,0,2.859,0.162,1.948,1.041,0.801,1.191,1.437,2.275,1.535,0.484,1.012,0.128,1.84,0.921,1.187,0.519,2.843,1.325,3.108,4.085,2.276,2.285,0.301,0.969,2.824,0,1.226,0.188,0,0.291,0.486,0.773,0,1.137,1.645,1.48,1.25,1.603,2.096,1.84,1.361,0.861,0.627,1.697,1.914,2.439
ENSG00000254615,2.464,3.968,3.467,3.007,2.369,4.539,3.312,2.941,1.893,4.356,3.292,3.179,3.169,0.511,3.802,0.401,2.922,3.238,1.941,3.447,3.982,3.649,2.883,4.108,2.004,4.74,1.543,4.429,2.894,4.424,1.39,1.41,2.95,2.118,3.477,2.423,2.683,3.223,3.466,3.129,4.505,3.373,1.826,5.102,0.426,1.678,2.095,0.52,2.448,0.907,2.597,2.374,2.045,2.372,2.462,1.171,1.668,1.802,0.717,3.657,4.845,2.84,2.904,4.7,3.855,1.381,2.657,2.841,3.83,4,1.388,2.259,2.871,1.676,3.393,2.877,4.848,2.247,4.409,1.942,2.735,2.538,2.394,3.209,3.64,3.167,2.984,1.37,2.888,2.228,3.185,1.644,2.992,2.861,2.516,2.353,1.508,3.698,3.185,2.643,2.382,4.819,2.726,2.191,3.491,1.869,2.951,3.472,0.944,3.846,3.511,5.28,1.891,3.879,3.396,3.747,3.109,2.212,3.043,2.581,3.645,3.877,3.844,4.518,2.592,3.716,5.026,4.369,2.356,3.166,3.247,3.584
ENSG00000255021,0,0.045,0.37,0.087,0,0.015,0.87,0.057,0.181,0.152,0.035,0.911,0.723,0.434,0.344,1.22,2.496,0.696,1.678,0.073,4.391,1.508,0.181,0.12,0.033,0.062,0.327,1.075,3.418,0.077,0.307,0.436,0.262,0.039,0.093,0,0.21,3.925,0.688,2.993,0.648,3.398,0.207,0.11,0,0.013,0,0.01,0.03,1.554,0.319,0.734,0,0.077,0.831,0.086,0.175,0.529,0.655,0.383,0.033,1.952,1.967,0.051,1.703,0.113,0,2.697,2.411,0.105,0.619,0.068,0.198,0.31,1.434,0.011,0.073,1.623,2.922,0.404,0.061,1.369,0.754,0.994,1.404,0,0.311,0,2.308,0.103,0.797,0.442,0.385,1.173,0.641,0,0.573,0.129,0,0.481,0.819,0.691,2.871,0.291,0.899,3.538,2.662,3.257,0,0.163,1.911,0,0,0.83,0,0.251,0.281,0.435,0,0.162,1.712,1.134,0.034,1.124,0.433,2.334,0,0.802,0.661,0.199,0.978,1.582
ENSG00000255026,2.814,5.344,6.053,4.687,0.77,0.148,3.75,5.207,0.268,7.362,0.596,5.454,3.359,2.39,5.095,3.558,5.866,6.125,4.208,0.13,5.344,5.995,6.859,6.13,3.569,6.898,1.301,7.587,3.153,2.868,0.094,0.314,5.789,4.6,6.19,3.739,3.272,5.111,6.213,3.991,2.585,4.14,0.162,0.183,0.069,2.141,0.06,0.081,3.619,1.977,2.593,3.334,1.149,0.14,5.55,0.17,2.4,2.86,0.623,4.812,1.234,4.842,3.406,0.38,4.654,2.146,4.642,4.393,5.997,5.897,3.231,0.658,4.659,2.281,5.425,4.852,6.852,2.906,2.186,2.265,2.38,3.673,1.594,5.048,6.648,2.339,4.441,0.513,3.113,3.647,4.899,1.852,2.458,5.457,6.698,0.52,4.387,6.369,0.146,5.405,2.26,4.748,1.54,4.3,5.422,3.409,5.591,4.811,0.395,4.594,3.378,2.59,0.739,6.151,0.079,7.089,6.085,3.06,0.711,0.802,3.962,7.302,5.789,6.866,5.384,6.237,7.735,6.541,0.272,2.301,5.483,3.545
ENSG00000255198,2.078,2.771,1.373,2.388,1.939,1.135,2.028,1.859,1.902,2.673,1.891,2.521,1.552,1.561,2.305,1.993,1.448,2.36,1.688,1.664,4.079,3.249,1.461,2.771,2.918,2.887,1.35,3.696,3.031,4.325,2.39,2.52,2.706,1.164,1.893,2.206,0.911,2.952,1.865,3.386,2.633,2.459,2.182,1.26,0.889,2.656,1.819,1.201,3.944,0.599,1.567,1.625,1.58,2.783,1.599,1.422,1.19,1.397,1.004,2.043,4.224,2.174,2.779,3.191,2.159,1.902,1.909,2.943,2.908,1.887,1.435,2.063,1.894,0.512,1.205,2.168,2.467,1.143,5.056,1.458,0.858,2.674,3.455,1.764,2.871,3.405,2.986,1.932,2.612,0.943,1.837,1.008,1.86,2.249,1.777,2.827,2.738,3.367,2.477,1.721,2.87,4.26,1.804,2.347,4.052,3.382,1.561,2.03,1.972,2.697,2.855,4.843,2.338,2.828,3.012,3.327,2.305,1.27,3.923,2.457,3.093,3.921,2.894,3.077,2.175,3.237,4.069,3.156,2.656,3.654,2.36,3.819
ENSG00000255202,0.004,2.641,0.947,1.129,0.155,0.778,1.408,1.813,1.633,0.319,0.615,1.97,0.627,1.695,1.2,1.611,2.056,0.559,1.271,1.259,4.617,2.386,1.805,1.738,0.137,0.933,2.348,1.364,1.192,1.814,0.932,0.945,0.657,0.219,0.257,0.09,0.148,2.456,0.962,2.411,0.299,1.337,2.377,0.639,0.589,2.07,0.041,0.131,1.732,0.153,1.931,0.408,0.895,0.54,2.164,0.952,0.452,0.416,0.607,1.34,2.791,1.762,1.777,1.686,1.845,1.929,0.626,3.535,2.793,1.163,1.517,1.049,0.796,0.835,1.351,1.251,0.111,1.36,1.716,1.225,3.145,4.656,3.62,0.556,3.057,0.954,2.344,0.802,3.049,0.815,1.156,1.74,3.238,3.042,1.649,1.448,1.359,2.13,0.163,1.685,0.866,1.95,2.345,2.245,3.108,1.809,1.69,2.762,2.047,1.352,2.538,3.351,0.401,1.58,0.888,2.054,2.915,1.792,0.989,0.788,2.193,3.289,1.201,1.597,2.484,0.997,1.15,2.165,0.807,1.375,1.102,1.84
ENSG00000257671,2.339,0.138,3.38,1.14,1.877,0.097,0.896,1.256,0.443,2.729,0.398,1.338,1.058,0.089,1.644,0.186,1.521,2.607,1.026,0.264,2.431,1.596,1.846,3.357,0.03,2.014,0.19,3.36,0.515,0.874,0.06,0.033,1.267,1.454,1.408,4.557,0.699,1.915,2.604,1.253,0.415,0.947,0,0.531,0,0.102,0.055,0.046,0.487,0,0.904,0.505,0.795,0.185,0.366,0.151,1.121,0.676,0.045,2.252,2.036,2.574,1.402,0.826,1.089,0.211,1.58,1.405,2.274,2.368,0.921,0.506,1.114,0.391,0.904,2.94,1.751,0.609,0.403,0,1.245,0.729,0.236,1.362,2.453,0.525,0.212,0.076,0.135,1.796,1.61,0,1.777,1.719,1.901,0.193,0.578,2.119,0.055,1.648,0.206,2.199,0.317,2.078,2.058,0.243,0.881,1.842,0,0.818,0.964,2.059,0.085,2.177,0.111,2.872,0.989,0.355,0.342,0.148,0.193,2.172,2.44,1.745,0.773,1.64,1.564,1.687,0.325,1.542,0.391,0.259
ENSG00000257845,0,0,1.794,0.031,0,0.042,1.962,1.292,0.039,0.015,0.064,3.235,0.821,3.981,2.586,3.553,0.794,3.177,1.46,0.35,1.584,2.493,0.026,0.06,0.047,0.082,1.043,0.092,0,0,0.186,0.779,2.562,0,2.179,0,1.368,0.975,0.404,4.111,0.266,1.603,0.46,0.336,2.486,2.158,0,0.038,0.037,2.393,0.28,1.985,0,0.113,5.04,0,1.59,3.149,0.627,0.73,0.02,0.155,2.653,0.44,2.747,4.828,0,1.169,1.245,0,3.942,0,0.881,3.501,0.279,0.027,0.026,0.651,1.415,3.604,0.239,0.033,0.718,0.166,0.458,0,0,0.34,1.95,0.998,0.471,1.426,1.532,0.518,2.915,2.363,4.054,0.593,0.106,0,5.341,0.044,2.744,1.736,2.005,5.515,0.285,1.57,0,0,1.99,0.443,4.065,0.059,0,0.15,0.038,2.721,0,0.064,0.081,2.285,0,3.811,0.093,1.769,0.053,1.776,0.036,2.937,2.255,3.217
ENSG00000258486,6.394,6.965,5.798,7.302,6.031,9.332,8.644,8.977,6.317,6.658,7.704,7.606,7.461,6.704,5.945,6.689,6.22,7.396,7.198,7.39,5.927,7.104,5.826,4.912,7.95,5.522,6.594,6.131,6.734,6.174,6.745,7.355,8.466,7.747,7.168,8.466,5.369,7.201,6.381,8.062,6.591,8.493,6.211,6.67,7.583,7.457,6.371,7.643,7.736,7.328,5.455,5.36,6.719,7.363,7.616,4.928,7.188,7.05,7.417,6.981,6.44,6.906,5.915,4.566,6.281,6.864,7.308,5.659,7.611,6.923,6.044,6.139,6.119,4.709,6.007,6.876,5.963,8.295,6.635,6.098,7.777,5.697,6.183,8.493,5.773,6.018,6.257,7.958,6.678,6.339,6.693,5.492,5.986,6.135,3.996,6.114,8.728,6.637,7.154,6.271,7.204,5.91,6.308,7.839,6.425,7.569,5.286,4.48,5.388,5.703,6.495,5.997,5.983,8.256,7.397,6.405,6.481,6.515,6.955,8.227,7.66,7.609,5.616,7.246,6.519,6.938,9.037,7.181,8.532,7.464,5.748,7.252
ENSG00000258586,0.011,0.427,0.337,1.854,3.812,4.951,2.691,3.692,1.023,2.891,0.064,3.291,0.816,1.506,1.966,0.168,2.176,3.367,2.398,1.626,1.578,2.322,2.281,1.57,2.509,1.954,3.412,2.512,3.627,3.074,0.083,0.163,2.236,1.972,2.735,0.012,3.738,2.047,1.241,3.061,1.95,1.62,0.771,0.826,3.64,0.284,0.063,0.011,1.913,3.993,1.366,2.878,3.997,0.992,3.347,0.276,1.393,0.607,0.594,1.28,1.196,1.545,2.931,2.69,2.127,3.391,1.6,2.058,2.149,1.204,1.047,2.246,2.381,0.174,3.216,2.453,3.147,1.561,4.592,1.793,2.447,0.887,2.202,1.481,2.442,4.747,1.274,0.154,4.849,0.882,1.52,1.154,3.014,1.982,1.158,0.882,0.783,3.277,1.325,1.61,0.481,1.781,2.106,2.104,2.424,2.859,1.689,2.229,0.111,3.23,1.591,2.277,0.863,4.127,0,1.551,3.131,2.095,0.739,1.845,3.174,2.2,1.927,2.087,2.42,3.568,3.899,2.115,0.783,3.118,3.674,2.983
ENSG00000258675,0.131,1.799,0,0.024,0.383,0.028,0.864,0.374,1.021,0.512,0.172,1.282,0.095,1.256,2.222,0.737,3.78,3.982,3.729,0,0.051,2.871,1.162,1.022,1.659,0.71,2.723,0.3,5.011,0,0.981,0.043,4.211,3.247,2.305,0.074,0.961,0.101,0,0.017,1.698,0.03,1.312,0.067,0.095,0.195,0,0.03,3.44,0.709,0.065,2.29,0,2.027,0.228,0.401,0.111,0.256,0.015,0.442,0,0.078,0.797,0.099,0,1.559,0.027,0,0.017,0,0.441,0,2.169,0.382,0,0,0.077,0.074,4.599,1.449,0,1.254,2.563,1.122,0,0,1.551,0,2.692,0.725,1.752,2.109,0,3.084,2.193,0.015,1.396,0.042,0.034,0,0.407,0.951,0,2.373,4.513,4.34,0.231,1.556,0,0.5,0,0.115,0.043,0,0.262,0,0,0.462,0.205,0.916,4.966,2.399,0.017,2.231,2.725,0.081,0.138,0.86,0.075,4.207,0.482,2.396
ENSG00000259001,1.478,1.055,0.729,0.637,2.372,0.78,2.003,0.906,3.707,3.758,2.773,3.226,3.678,1.862,2.379,1.383,1.116,2.644,1.027,3.399,3.162,1.339,2.384,3.228,3.569,0.927,0.583,3.962,2.415,3.108,1.105,2.321,3.936,4.325,1.497,4.204,0.603,0.839,1.592,3.725,0.94,3.531,0.76,1.407,5.833,4.191,0.995,1.526,1.813,2.341,2.202,2.298,0.299,1.632,0.459,0.921,2.848,1.32,3.748,1.234,5.045,1.774,1.609,0.86,0.758,1.017,1.802,2.045,1.48,2.863,1.862,1.064,0.723,0.952,0.933,1.016,1.192,1.028,2.959,1.73,1.205,2.895,2.701,2.644,0.876,1.248,1.45,3.566,2.598,0.945,0.904,0.951,0.582,3.985,1.568,1.177,4.412,1.286,3.544,1.707,3.612,3.071,2.237,3.164,3.146,2.155,1.965,1.609,2.507,2.19,4.033,1.896,1.159,1.829,1.041,1.673,0.447,1.09,2.557,1.366,1.655,4.59,1.055,1.984,1.622,2.464,5.94,2.167,3.822,2.527,1.077,3.657
ENSG00000259187,4.061,1.917,3.879,1.891,3.707,3.654,2.631,2.038,3.764,1.435,3.02,3.202,3.165,5.367,1.431,4.513,3.068,2.55,3.773,4.114,1.708,3.401,3.139,0.801,3.845,0.891,4.198,0.426,2.325,1.602,4.55,2.967,2.899,2.292,3.488,4.972,3.032,4.016,2.421,2.605,1.312,3.69,3.006,2.064,6.197,3.034,3.883,5.616,2.177,4.919,2.552,3.651,2.637,4.011,3.659,2.221,3.507,3.788,4.21,2.735,0.763,2.464,1.715,1.019,3.657,3.486,0.559,2.345,2.924,1.824,3.91,2.102,3.259,4.179,2.729,1.564,2.158,2.38,0.919,5.085,2.661,1.327,1.929,2.171,2.37,1.146,2.942,3.978,3.199,2.74,2.138,3.722,2.53,1.983,2.553,2.048,3.395,2.339,2.271,1.147,4.328,1.235,2.851,3.023,2.748,5.528,2.932,2.734,4.155,1.689,1.933,1.332,2.565,1.721,3.814,1.555,1.651,4.911,1.868,2.024,3.39,0.999,1.041,2.931,3.277,1.77,2.005,2.137,4.281,3.175,3.072,2.721
ENSG00000259342,1.51,0.331,1.863,3.759,0.471,1.689,1.481,1.028,0.752,0.791,2.235,0.266,2.439,0.221,0.815,0.043,0.919,0.732,0.344,0.194,0.222,0.696,0.273,1.036,0.126,0.892,0.869,2.331,1.012,3.518,0.299,0.13,0.348,0.36,0.659,0.419,0.673,0.942,1.523,2.419,1.146,0.945,0.12,1.859,1.402,0.83,1.63,0.681,0.362,0.322,1.18,0.191,3.491,2.629,0.211,0.489,1.552,1.544,0.535,1.13,3.463,1.971,3.797,3.375,1.288,1.83,2.451,0.735,1.323,3.866,0.416,1.494,0.296,0.991,2.418,3.358,0.719,1.651,0.363,0.348,0.639,0.595,0.083,2.334,2.212,4.394,0.307,1.31,0.067,0.687,0.024,0.284,1.614,0.45,2.014,3.137,2.008,1.201,0.868,2.258,0.879,2.002,1.941,0.208,0.212,0.755,0.948,1.701,0.094,4.158,0.954,2.419,1.542,3.877,1.448,2.164,1.638,0.434,0.703,0.55,1.097,2.285,4.778,2.706,0.261,0.616,0.478,1.796,0.297,0.269,0.153,1.453
ENSG00000259353,2.064,0,2.009,2.436,0,0.104,1.138,1.808,2.15,0.225,0.128,3.089,2.545,0,2.784,0,1.614,2.119,2.27,2.334,1.929,2.196,2.585,0.721,2.071,1.395,3.056,0.511,2.412,1.087,2.011,0,2.235,0,1.386,2.094,1.524,2.941,1.439,2.101,2.846,3.004,2.283,1.605,2.956,1.613,0.068,2.328,1.438,2.429,2.341,2.923,0.052,1.895,2.222,0.106,2.302,3.081,0.019,1.264,1.259,2.392,1.618,0.064,2.674,0.014,0.094,2.888,2.37,3.062,2.203,1.649,0.36,2.071,0.098,1.961,2.017,2.461,0,3.232,2.903,1.771,0.044,1.902,2.296,0.07,2.716,2.377,2.489,1.406,3.307,1.945,3.244,1.543,1.256,0,2.527,1.562,0.066,2.15,2.356,2.049,0.185,1.755,1.399,2.635,0.134,0.18,3.1,0.06,1.693,1.366,2.409,1.865,0,1.987,2.074,3.611,0,1.448,0,1.307,2.434,0,2.896,2.864,2.688,2.517,1.566,0.089,1.613,2.673
ENSG00000260260,4.714,3.64,2.513,3.288,2.658,3.01,3.1,3.257,3.941,4.261,5.243,3.377,2.051,2.994,3.142,3.306,3.05,4.487,2.77,2.853,5.117,4.243,2.971,3.394,3.471,3.977,2.205,5.546,4.864,5.711,2.584,3.053,3.899,3.002,3.522,5.783,3.259,3.435,3.113,3.803,3.546,4.042,2.244,2.918,2.194,3.765,4.613,1.668,5.508,2.54,3.022,2.454,2.93,4.061,3.745,2.262,2.006,2.598,2.286,2.707,4.958,2.981,3.4,3.698,3.086,2.996,4.117,3.468,3.877,3.443,2.93,2.819,2.683,1.963,2.725,3.2,4.478,2.738,5.73,2.328,3.208,3.559,4.583,3.431,3.84,5.449,3.319,2.956,3.396,1.547,3.059,2.855,2.311,3.3,3.503,4.202,4.655,4.089,3.698,2.855,4.774,5.434,3.36,3.06,5.082,5.246,3.026,3.596,4.014,4.591,4.592,5.358,4.644,4.642,5.149,3.993,3.296,2.442,4.768,3.364,4.666,4.852,3.801,3.956,3.433,4.468,5.375,4.135,3.866,4.834,3.964,4.455
ENSG00000260396,1.465,2.152,0.868,2.38,0.852,1.832,0.618,1.634,0.773,1.903,5.011,2.286,0.894,0.937,1.531,0.884,1.951,3.71,1.75,0.37,2.928,2.661,1.859,2.225,0.35,2.137,1.874,3.579,1.171,2.657,0.101,1.892,1.872,4.195,1.567,1.428,1.29,0.259,1.933,0.687,0.92,1.678,2.108,1.571,0.337,0.377,1.763,0.169,0.559,1.744,0.03,1.021,1.717,1.471,0.913,0.627,1.607,0.332,1.389,1.616,2.333,2.694,1.798,2.023,1.408,0.23,3.716,0.454,2.66,2.968,0.538,1.75,1.758,0.591,2.222,2.449,2.113,1.145,1.662,0.734,1.174,2.497,0.646,3.112,2.306,1.523,1.587,0.273,1.033,1.099,1.294,0.501,2.932,2.312,0.989,1.035,1.444,3.363,1.299,0.665,0.203,2.334,1.526,2.832,2.913,2.127,1.219,2.958,0.861,1.371,1.931,2.719,0.848,2.333,0.342,2.265,0.362,1.54,1.248,2.535,3.114,0.504,2.463,1.509,1.219,1.267,2.589,1.018,0.983,0.355,1.336,1.011
ENSG00000260418,2.46,3.104,2.609,3.334,1.852,0.569,2.396,2.326,1.845,3.148,2.049,3.002,2.643,1.805,2.787,2.068,3.421,4.397,2.685,2.056,4.79,3.229,3.306,4.722,3.206,3.422,3.709,5.356,3.187,5.486,1.84,4.201,3.442,1.219,2.668,2.947,2.039,3.106,3.923,3.785,2.982,3.999,3.235,2.631,3.922,3.074,0.858,2.896,2.562,2.112,2.545,2.676,1.889,2.803,2.704,0.297,2.076,1.883,2.949,3.126,5.414,4.971,4.342,4.161,3.823,2.735,3.409,4.564,3.959,3.275,2.353,2.367,3.047,2.374,2.88,2.653,2.061,1.849,4.444,2.981,3.053,4.426,4.644,3.117,4.579,2.606,2.57,1.49,3.517,1.848,3.321,1.92,2.922,4.136,3.699,4.322,2.204,3.457,2.359,2.659,2.877,4.811,3.804,3.052,5.212,4.614,2.636,4.948,2.736,3.583,5.096,4.974,2.721,4.132,2.175,3.833,3.091,2.371,4.335,2.047,4.548,5.175,3.918,3.743,3.457,3.453,2.834,3.83,2.702,2.969,2.306,3.949
ENSG00000260807,0.244,0.258,3.975,1.589,0.344,0.364,0.492,0.161,2.101,0.743,2.799,0.146,3.957,0.935,0.264,3.956,0.672,0.86,0.28,1.815,0.889,0.819,0.147,0.683,0.155,0.477,0.118,1.187,0.23,2.386,0.054,1.403,0.517,0.209,2.058,0.292,0.143,0.143,0.599,0.809,1.802,1.971,0.082,1.968,0.037,3.575,2.396,1.856,0.212,0.313,2.289,1.644,0.689,4.032,1.513,3.336,1.737,3.826,1.404,2.684,0.907,1.323,2.34,2.475,0.593,0.604,1.936,0.394,0.595,3.201,3.118,0.258,0.171,2.602,1.61,0.809,1.099,0.581,0.212,0.262,1.044,0.547,0.345,0.188,3.266,0.82,0.089,3.547,0.016,2.44,0.722,0.87,0.294,0.207,3.267,3.991,1.829,0.325,1.589,0.464,3.716,3.618,0.152,0.605,0.843,0.452,0.606,0.925,4.441,2.566,0.311,1.487,1.831,0.712,3.248,1.419,0.937,1.32,0.224,0.122,1.198,2.263,2.214,1.298,1.412,0.558,0.956,0.724,2.445,0.376,0.626,1.65
ENSG00000261040,4.188,3.02,2.2,1.424,0.358,2.242,2.144,2.031,2.936,1.175,0.277,2.634,2.728,2.1,3.104,2.845,1.397,0.963,1.664,0.233,2.683,3.934,1.712,2.991,1.998,2.906,2.922,1.836,1.896,1.284,0.787,1.029,2.53,4.631,1.939,2.906,0.84,4.015,1.809,2.789,1.554,2.869,3.592,2.431,0.134,1.35,0.08,2.717,2.527,0.208,3.055,0.726,3.367,2.658,0.934,0.177,1.232,0.945,0.35,2.942,0.274,1.543,3.967,2.17,3.109,2.994,4.293,2.21,1.12,1.665,2.962,3.46,1.538,1.934,1.724,1.918,2.304,2.894,1.103,0.957,2.48,0.773,2.447,2.056,1.523,3.732,2.781,1.425,1.948,2.153,0.515,1.591,2.022,1.433,2.469,1.186,3.627,3.622,1.359,1.628,4.102,5.007,1.922,2.847,2.25,0.765,3.016,1.355,0.966,3.149,1.475,5.506,0.395,3.646,0.301,1.685,3.245,1.665,0.279,3.438,1.751,3.032,2.359,4.166,3.062,2.159,2.845,2.904,0.999,0.781,0.988,3.918
ENSG00000261353,1.582,0.939,2.369,2.308,1.419,0.601,1.44,2.186,1.18,1.627,1.612,3.028,2.061,0.518,1.352,1.253,1.135,2.582,1.834,1.632,4.146,2.514,1.787,1.895,2.229,3.166,1.221,4.04,1.218,3.633,1.498,1.702,3.214,1.74,1.999,1.738,1.766,2.132,3.419,3.599,2.342,2.151,1.509,0.272,2.054,1.266,0.807,1.183,2.979,1.059,1.422,0.648,1.53,1.277,1.215,0.459,1.708,1.733,1.179,1.648,3.971,2.638,3.362,3.736,3.078,1.711,1.252,2.702,3.719,3.151,1.776,2.495,1.533,0.938,2.075,1.384,2.094,2.556,3.703,1.653,1.934,2.879,1.835,1.614,3.473,2.726,3.247,0.712,2.472,1.104,1.422,1.282,3.002,2.614,3.063,1.2,3.18,3.352,0.72,2.921,2.815,4.768,3.812,2.195,3.403,1.659,2.973,4.362,1.669,3.267,4.412,3.284,1.797,3.161,1.132,3.062,2.184,2.195,2.995,2.061,2.214,4.475,2.471,2.879,2.546,3.027,3.133,3.671,1.333,1.566,1.569,3.327
ENSG00000261713,3.22,0.02,0.69,2.243,0.011,0.575,1.407,0.221,0.231,0.098,3.183,0.573,1.71,0.011,0.387,0.582,1.123,0.141,0.547,0.822,1.582,0.13,0.055,2.172,0.003,0.897,0.344,0.19,0.063,0.346,0,0.031,0.052,0,0.581,3.458,0.172,0.147,0.166,0.394,0.075,0.168,0.014,0.362,0.061,0.718,3.018,0.348,0.08,0.003,0.171,0.502,0.783,0.047,0.799,4.745,2.185,0.762,0.216,0.545,0.317,0.42,0.595,0.921,0.652,0.539,1.664,0.254,0.024,2.421,0.226,0.363,0.051,0.821,1.336,0.275,0.395,1.662,0.067,0.117,1.718,0.067,0.088,0.075,0.65,0.422,0.015,0.594,0.254,0.109,2.13,0.428,4.322,0.652,0.616,0.02,1.725,0.756,0.26,0.161,0.89,2.375,0.29,0.217,0.62,0.138,2.218,0.133,0.061,1.042,0.207,2.065,0.039,1.007,0.108,3.28,0.063,0.673,4.097,0.066,0.629,2.259,1.351,0.246,1.368,0.412,0.266,0.067,0.248,0.1,0.063,0.69
ENSG00000261720,2.782,0.025,0.788,2.277,0.014,0.578,1.486,0.154,0.222,0.03,3.057,0.629,1.764,0,0.452,0.62,1.017,0.075,0.478,0.67,0.851,0.089,0.058,1.651,0,0.82,0.236,0.041,0.021,0.064,0,0.013,0.03,0,0.695,3.339,0.207,0.061,0.104,0.176,0.103,0.117,0,0.361,0,0.341,3.152,0.293,0.073,0,0.084,0.513,0.765,0.022,0.976,4.834,2.216,0.929,0.123,0.456,0.237,0.254,0.473,0.735,0.566,0.404,1.56,0.142,0.03,2.453,0.353,0.404,0.052,0.756,1.343,0.29,0.341,1.735,0,0.099,1.82,0.046,0.137,0.06,0.476,0.356,0.025,0.698,0.244,0.133,2.329,0.394,4.334,0.533,0.377,0.038,1.342,0.542,0.237,0.138,0.625,1.24,0.241,0.126,0.287,0.032,2.145,0.046,0,0.942,0.075,0.99,0.021,0.798,0.13,3.108,0.036,0.665,2.696,0.036,0.639,1.555,1.29,0.249,1.244,0.306,0.118,0.064,0.234,0.137,0.05,0.488
ENSG00000262198,0.043,5.163,3.134,2.923,2.301,0.054,2.824,2.269,2.158,6.196,0.102,3.896,2.071,0.854,4.018,0.956,1.846,2.56,1.884,1.66,6.078,5.026,1.443,5.315,3.297,6.216,2.539,6.39,4.332,4.028,1.225,2.041,4.619,1.229,3.513,0,2.889,2.058,4.812,4.791,0.521,2.658,4.33,2.989,0.352,0.388,0.013,0.431,5.73,0.531,1.033,2.215,1.981,1.25,2.353,0.025,1.448,2.146,0.467,3.028,1.262,5.082,2.234,3.048,3.056,0.717,1.338,4.309,3.965,3.606,2.391,1.186,1.396,0.51,3.524,2.383,4.178,1.737,2.058,0.685,2.503,5.155,3.199,4.443,5.334,2.916,1.812,0.173,2.154,1.374,2.669,1.692,3.837,4.794,4.875,0.427,1.729,7.115,2.21,2.293,0.686,6.839,1.826,3.484,5.011,2.598,2.796,5.126,0.274,2.644,3.413,1.422,0.659,7.01,0.08,4.057,0.949,2.175,3.252,1.951,1.212,4.991,2.585,5.262,2.424,5.147,6.498,5.534,3.921,3.692,4.153,4.662
ENSG00000262619,0.098,6.636,4.569,3.924,2.693,0.378,4.045,3.558,3.695,6.791,0.527,4.8,2.995,1.105,5.462,1.282,2.557,2.931,2.621,2.461,4.182,5.392,2.322,5.75,3.225,6.692,3.735,5.025,4.635,2.258,1.997,1.098,4.585,1.987,4.475,0.105,3.948,2.545,4.856,3.508,1.91,3.002,4.338,3.534,0.958,0.395,0.329,1.666,4.906,1.399,2.157,3.538,3.392,2.307,4.117,0.144,2.353,3.674,1.405,4.355,1.265,6.071,2.405,3.637,3.76,1.447,1.953,4.645,5.244,5.128,2.534,2.142,2.608,1.281,5.096,4.205,5.186,3.311,1.026,1.888,3.996,3.864,3.187,4.253,5.329,4.058,2.467,0.137,1.724,2.719,4.278,2.114,4.385,5.001,5.394,0.797,1.244,7.33,2.523,3.792,0.415,4.513,2.066,3.293,3.884,2.221,3.24,3.52,0.244,2.953,1.337,0.591,1.271,7.019,0.395,4.715,1.697,2.79,1.209,2.054,1.265,5.116,3.966,6.244,3.732,5.343,6.713,5.931,4.973,3.861,4.918,3.229
ENSG00000262877,0.255,1.496,2.752,0.851,0.304,0.175,0.393,0.93,2.793,0.607,2.089,0.056,0.778,0.202,0.006,0.209,0.227,0.413,0.064,0.273,1.361,1.355,0.663,0.477,0.916,0.206,0.075,3.31,1.999,2.292,0.094,0.196,0.07,1.508,1.66,1.946,0.812,1.007,3.695,2.17,0.081,1.019,0.473,1.056,0.094,0,0.103,0.103,1.994,0.154,0.6,0.21,0.477,0.273,0.336,1.052,0.201,0.295,0.642,0.552,4.519,1.442,0.333,0.816,0.444,0.102,2.582,1.869,0.499,2.294,0.322,0.129,0.029,0.058,0.226,2.207,2.601,0.234,0.631,0.024,0.2,1.556,0.651,0.527,1.876,0.658,0.929,0.066,0.025,0.161,1.193,0.212,0.854,1.09,1.949,0.474,0.808,1.437,0.415,1.892,0.187,3.229,0.293,0.417,0.647,0.094,0.788,3.161,0.725,1.31,1.996,2.752,0.363,2.241,0.525,3.16,1.636,0.135,2.465,0.482,0.266,3.497,0.243,2.08,0.874,2.561,1.981,2.861,0.151,1.063,1.212,1.181
ENSG00000262973,0.063,1.542,0.106,2.251,0.381,0.007,0.92,0.111,0.015,0.418,0.103,1.726,0.534,0,0.505,0.036,2.253,2.249,1.327,0.02,2.54,1.257,1.303,1.115,0.149,1.097,1.819,1.304,0.806,3.002,0,0,1.233,3.415,1.918,0,1.098,1.302,2.194,3.615,2.312,2.66,0.339,0.317,0.033,0.034,0.066,0.019,1.104,1.115,0.518,0.488,0.019,0.119,0.573,1.785,0.199,0,0.009,1.467,1.235,1.413,1.381,3.263,1.541,0.77,3.616,2.482,1.848,2.111,0.068,0.038,0.611,1.59,0.417,0.903,1.051,0.265,0.114,0.661,0.226,0.924,0.413,2.749,0.992,0.413,0.448,0,1.314,0.185,1.084,0.273,0.923,0.413,0.449,1.673,0.325,0.253,0.124,2.903,0.039,3.285,2.431,0.722,1.441,0.883,1.402,1.762,0,1.299,2.542,1.391,1.312,0.225,0.093,2.144,0.437,0.541,0,0.169,1.355,1.188,3.869,0.25,0.143,0.975,0.379,1.007,0,0.112,0.27,1.816
ENSG00000263934,3.424,3.251,0.456,3.14,1.173,1.715,1.465,0.406,2.1,2.323,1.421,1.805,1.838,1.287,1.12,0.83,0.595,1.138,0.955,3.541,3.973,0.526,0.108,0.67,3.841,1.052,2.386,1.478,0.658,2.622,0.414,1.36,1.236,1.023,0.066,3.463,0.318,0.47,1.541,4.227,1.322,1.022,1.9,1.962,4.754,1.847,0.706,0.189,3.625,1.094,1.257,1.044,1.144,0.47,1.649,0.712,0.647,0.408,2.16,0.37,5.007,1.376,0.99,3.08,2.423,0.546,2.782,3.665,1.203,1.578,0.355,0.757,0.397,0.804,0.747,0.209,0.722,1.131,5.216,2.822,1.072,1.833,4.624,1.659,3.997,2.873,3.027,0.484,2.582,0.31,1.324,0.245,0.067,1.63,1.652,1.208,4.192,2.76,2.768,0.598,2.953,2.969,3.132,0.854,2.93,1.801,0.914,2.032,0.761,1.258,4.065,1.24,1.447,1.84,0.448,2.332,0.171,0.788,4.046,0.776,0.628,2.612,0.506,1.1,1.141,1.74,3.882,2.743,2.069,2.277,0.816,1.986
ENSG00000265185,4.263,3.486,0.886,3.506,1.193,2.059,1.459,0.878,1.748,2.09,1.192,1.79,1.415,1.219,0.934,1.115,0.64,1.643,1.246,3.965,4.469,0.69,0.425,1.089,3.814,1.556,2.507,2.144,1.218,3.247,0.685,1.715,1.451,1.518,0.358,4.087,0.428,0.745,1.934,4.575,1.777,1.257,2.595,2.642,4.807,1.986,0.615,0.349,3.742,1.09,1.011,1.194,1.244,0.899,1.373,0.942,0.468,0.39,2.022,0.606,5.317,1.625,1.142,3.589,2.612,0.775,3.325,3.765,1.613,1.862,0.982,0.653,0.439,0.722,0.782,0.268,0.548,1.523,5.343,2.66,1.143,2.087,4.87,2.204,4.403,2.952,2.558,1.041,3.193,0.142,1.167,0.123,0.227,1.756,2.122,1.787,4.15,3.019,2.463,0.486,3.406,3.328,3.335,1.383,3.336,2.397,1.409,2.685,0.92,1.441,4.517,1.999,1.533,2.07,0.359,2.498,0.294,1.011,4.037,1.034,0.762,2.827,0.586,1.098,1.491,1.737,4.178,2.727,2.537,2.512,1.09,2.217
ENSG00000267308,6.612,0.629,0.015,0.79,1.374,3.162,0.097,0.952,0.072,1.12,0.004,0.015,0.217,0.055,0,0.018,0,0.202,0.059,0,0.126,0.301,0,0,0.082,2.832,1.675,0.08,0.234,0.639,0,0.013,0,0.75,0.176,1.858,0.047,0.069,0.15,0.037,1.92,1.438,0.039,0.045,0,0,0,0.019,0.914,0,0,0.046,0.429,0,0.058,0,0.053,0,0.005,0.898,0.013,0.187,0.056,0.213,0.057,0.046,0.173,0.256,2.552,0.641,0,0.047,0.038,0,3.244,2.181,0.197,0.309,0.041,0.011,2.096,0.131,0.032,0,0.74,0.112,0.099,0,0.078,0.033,0,0,0,0.473,0.072,0.064,0,0.347,0.115,0.129,0,0.408,0.045,0.005,0.252,0.1,0.161,0.108,0.036,0.094,0.447,5.286,0.045,1.271,0,0.201,0.463,0.167,0.332,0.024,0.05,0.125,0,0.031,0.189,0,1.379,0.946,0,0.275,0.127,0.024
ENSG00000267519,2.36,2.049,2.194,2.826,4.382,0.801,1.513,3.637,2.098,2.633,4.356,1.607,2.84,0.781,2.151,0.698,2.375,2.49,1.324,0.529,3.327,2.531,4.05,2.94,2.207,3.395,0.956,3.826,3.646,3.135,0.863,1.052,2.01,2.312,3.316,2.897,2.435,1.75,3.104,3.392,1.314,2.019,3.013,2.186,0.195,0.962,1.222,0.853,2.248,0.642,1.554,1.563,2.547,1.631,0.425,1.779,1.489,1.163,0.681,3.243,3.584,3.103,3.084,2.548,2.102,1.863,2.361,2.986,3.1,3.291,1.876,1.651,1.456,0.988,1.753,3.223,2.818,1.046,3.046,0.628,3.231,2.219,3.696,3.327,2.46,4.502,2.3,0.635,1.304,1.397,2.211,2.526,3.156,2.409,2.662,3.42,1.324,2.923,0.977,3.298,1.817,4.162,0.51,4.749,4.152,2.555,1.775,3.093,1.474,3.148,2.442,5.069,1.658,3.846,0.97,4.157,3.791,0.866,3.153,2.533,2.514,3.979,3.849,2.519,2.309,2.458,2.898,3.795,1.353,2.516,2.457,3.861
ENSG00000268555,0.234,0.729,1.655,1.546,0.333,0.981,1.994,1.418,0.375,0.678,1.216,0.722,2.757,0.268,0.86,0.171,1.027,1.192,0.788,0.629,0.808,0.323,0.816,1.319,0.245,1.148,1.078,2.428,1.119,3.313,1.35,0.037,0.564,0.506,0.399,0.048,1.01,0.769,0.526,0.771,0.437,0.502,0.56,3.041,0.051,0.225,0.677,1.925,0.259,0.184,0.396,0.328,1.235,2.105,3.053,1.719,0.721,0.954,1.207,1.148,3.525,3.073,0.995,3.882,1.586,0.29,1.075,1.641,2.12,3.76,0.541,3.21,0.474,0.36,0.323,3.769,2.142,1.453,1.004,0.295,0.923,0.428,0.243,1.618,1.693,2.887,0.488,0.25,0.259,0.193,0.409,0.297,2.508,0.681,1.102,2.555,1.055,1.956,1.56,3.9,0.931,1.659,0.763,0.361,0.462,0.313,1.608,0.465,0.536,2.66,1.347,1.415,4.175,1.198,1.982,0.249,0.912,0.219,0.381,0.882,1.5,0.667,1.513,0.54,0.46,0.505,0.375,0.587,0.571,1.101,0.329,0.753
ENSG00000269900,1.066,2.421,0.712,1.3,2.085,1.791,1.516,0.927,4.853,4.79,3.956,4.826,4.663,2.898,4.059,2.799,0.77,2.416,1.074,5.36,3.132,1.942,2.47,2.571,3.444,1.276,1.663,3.451,2.577,2.36,1.624,2.645,4.598,5.142,1.565,5.04,0.586,0.711,2.117,3.692,1.186,4.692,2.419,1.208,5.303,4.055,1.069,0.883,1.475,1.373,1.828,1.646,0.482,1.091,0.555,0.99,3.922,0.862,2.672,0.938,4.752,1.667,1.951,0.413,0.779,1.987,2.375,2.515,1.467,2.537,2.033,1.078,0.472,1.488,1.131,1.207,1.059,0.675,2.16,1.439,0.817,1.731,2.206,2.212,1.548,1.726,1.877,4.384,2.428,0.669,0.361,0.903,0.168,3.8,1.525,1.706,5.212,1.461,5.204,2.165,3.413,2.907,2.568,4.261,3.009,1.346,1.591,2.111,1.571,1.511,3.413,1.514,1.271,1.349,0.561,1.381,0.928,1.772,3.378,1.704,1.804,5.505,1.21,2.537,1.156,1.548,6.544,1.558,3.992,1.773,1.671,3.339
ENSG00000269994,0.298,1.605,2.712,1.979,1.92,0.009,1.915,1.368,1.745,1.391,1.607,2.3,1.373,0.006,2.074,1.254,1.814,2.754,1.871,0,0,0,0,2.115,0.008,0.038,1.967,0.036,2.209,3.266,1.449,2.208,0,1.824,1.789,0,2.396,0.537,0.037,0.008,1.833,1.838,1.747,2.829,0.045,1.596,1.87,0,1.464,0.014,0,1.695,0.034,2.732,2.003,1.52,1.324,2.268,1.964,1.648,1.209,1.755,2.792,0.067,1.709,0.015,3.824,2.5,0.009,2.162,1.547,2.712,1.946,1.715,0.013,2.19,2.869,1.453,2.838,3.128,1.843,1.16,1.912,3.427,1.924,3.406,2.331,1.072,0,1.259,2.149,1.638,1.982,1.058,0,2.511,2.076,1.525,0.494,1.932,2.883,0,2.702,0.165,1.459,0,2.672,2.583,2.27,2.794,1.788,2.118,1.314,0.015,0.005,2.036,2.086,2.459,1.682,2.521,0.067,1.538,2.764,3.103,0,0,0,1.676,1.753,1.599,2.156,1.909
ENSG00000270100,1.729,2.498,1.036,2.549,0.996,2.159,0.857,1.842,0.953,2.245,5.381,2.568,0.857,1.047,1.78,1.053,2.282,4.108,2.002,0.466,3.254,2.972,2.312,2.73,0.396,2.458,2.115,3.94,1.452,3.021,0.165,2.289,2.154,4.579,1.854,1.672,1.519,0.382,2.211,0.927,1.06,1.968,2.387,1.871,0.403,0.494,1.961,0.218,0.725,1.888,0.042,1.142,1.988,1.782,1.021,0.683,1.838,0.442,1.474,1.798,2.589,3.028,2.167,2.282,1.686,0.215,4.027,0.635,2.99,3.255,0.785,1.872,1.952,0.66,2.416,2.583,2.315,1.453,1.898,0.891,1.375,2.766,0.846,3.501,2.648,1.774,1.891,0.284,1.383,1.165,1.442,0.726,3.131,2.669,1.31,1.273,1.703,3.766,1.416,0.81,0.249,2.63,1.776,3.139,3.278,2.48,1.482,3.349,1.101,1.609,2.21,3.105,0.998,2.637,0.414,2.47,0.453,1.719,1.394,2.865,3.516,0.741,2.792,1.713,1.396,1.591,2.945,1.295,1.025,0.538,1.604,1.323
ENSG00000270641,2.728,0.012,0.001,2.796,2.129,1.736,0.908,0.006,0.001,0.003,0.001,0,0,0,0.308,0.014,3.393,4.397,0.539,2.157,0.005,0,0.023,0.026,0.002,0.003,1.092,0.004,3.095,3.249,0.403,0.004,0.002,3.424,0.004,0.006,1.523,0.021,0.004,0.001,0.016,0.001,0.001,0,0.012,0.009,0.881,0.45,0.932,0.001,0,0.001,0.006,2.925,0.001,0,0.001,0.001,2.755,0.001,4.956,0.004,0.003,0.003,0.001,0.003,4.416,0.001,0.009,0.004,0,0.011,0.217,0,0.003,2.967,0.001,0.003,0.346,0.012,0,0.003,0.001,0.012,0.01,3.16,0.002,0.009,0.062,0,0.005,0,0,0.001,0,3.673,0.006,0.015,0.006,0.004,0.001,0.001,0.001,0.008,0.001,0.019,0,0,0,0,0.005,2.494,1.889,0.002,0.012,0.047,3.118,0.001,0,1.701,2.569,0.026,3.883,0.028,0.028,0,0.001,0.049,0.001,3.355,0.017,0.021
ENSG00000271824,0.08,2.924,0.974,0.67,0.022,0.043,4.055,3.325,3.572,2.62,1.862,3.238,3.811,4.268,1.588,3.624,3.562,5.229,4.146,2.995,3.263,4.973,2.624,3.036,3.214,3.786,6.586,3.577,3.906,3.728,2.129,3.87,4.209,5.548,3.785,0.146,2.21,4.178,1.504,3.009,5.848,2.743,4.779,4.339,5.606,3.154,2.968,0.049,2.849,4.95,1.781,4.254,0.075,4.666,4.33,0.11,3.778,2.706,3.484,3.983,4.82,2.245,2.427,2.659,3.248,3.328,1.373,4.387,4.498,2.506,2.862,2.522,3.642,2.825,4.526,0.278,5.785,0.174,6.409,4.988,2.402,5.186,5.395,2.503,1.017,0.356,4.458,3.487,6.519,3.795,1.014,4.237,3.99,4.051,4.108,6.56,3,2.521,2.669,1.187,1.6,1.191,2.839,5.082,3.689,5.232,4.174,2.975,3.084,4.563,3.978,3.658,4.225,2.653,0.057,1.006,0.957,5.74,0,4.458,5.909,3.113,0.992,3.042,3.982,2.192,4.577,2.17,4.434,4.156,4.651,4.485
ENSG00000272065,0.798,2.132,1.268,0.897,1.473,0.344,1.239,1.09,1.727,1.688,1.336,2.295,1.121,1.647,1,1.885,2.076,2.765,2.21,1.556,4.051,2.634,2.273,3.906,2.737,2.492,2.589,3.579,3.061,3.414,0.917,2.733,2.936,0.618,1.802,0.873,1.036,2.128,2.611,2.798,1.322,2.491,3.119,2.217,3.193,2.522,0.183,0.779,3.483,1.722,1.823,2.204,1.172,1.724,1.381,0.122,1.323,1.319,1.031,1.958,3.371,3.562,3.032,2.27,2.25,2.351,2.384,3.396,2.707,1.547,2.2,0.932,1.762,1.328,1.613,0.728,1.78,1.169,4.423,2.211,1.521,4.115,4.02,1.973,2.481,2.016,2.672,1.155,3.511,0.661,1.9,1.579,2.369,3.968,2.657,3.408,2.081,2.485,1.567,1.103,2.529,3.548,2.586,2.71,4.143,3.316,1.31,4.306,2.108,2.005,3.626,3.421,1.952,2.933,1.063,2.088,1.923,2.268,3.126,1.815,3.234,3.789,1.496,2.364,2.079,3.068,1.584,2.535,0.666,2.364,2.165,3.401
ENSG00000272068,0.333,2.481,3.196,1.56,0.477,2.917,2.627,2.004,2.381,3.485,0.151,3.413,1.742,2.619,3.481,2.731,2.709,3.107,2.96,3.309,3.637,3.261,2.834,3.235,0.129,2.958,1.879,1.726,4.131,0.667,0.021,0.416,3.227,0.192,3.385,0.298,2.632,3.309,3.027,2.286,3.264,3.197,2.527,2.972,0.517,2.459,0.035,0.029,2.902,1.996,2.84,3.531,0.425,0.006,3.537,0.007,1.415,3.143,1.04,2.469,2.503,2.2,2.888,2.7,2.33,2.871,0.271,3.103,2.199,2.861,2.574,0.754,3.188,2.284,1.794,1.229,2.341,2.321,3.718,3.093,1.935,2.958,2.378,2.328,3.349,2.208,2.342,2.445,3.282,2.055,3.572,2.256,2.898,3.318,2.796,0.161,3.088,1.583,3.346,1.777,3.27,3.839,2.261,2.363,3.16,2.937,2.456,2.514,0.379,2.997,1.92,1.809,1.001,1.204,0.01,3.299,3.199,3.149,0.228,2.263,2.549,3.128,1.2,3.441,2.951,3.57,3.141,3.062,0.037,3.273,3.538,3.306
ENSG00000272141,2.223,0.965,1.212,1.634,1.065,0.217,0.706,0.604,0.934,2.429,1.873,0.555,0.428,0.297,0.871,0.142,1.839,3.492,0.277,0.576,2.961,2.007,2.019,1.662,0.654,2.893,0.372,4.234,2.016,4.004,0.091,0.397,1.245,1.029,1.929,3.993,0.909,1.119,2.231,1.751,0.367,0.946,0.822,0.545,0.06,0.371,0.331,0.094,2.058,0.109,0.735,0.879,1.471,0.78,0.288,0.287,0.532,0.292,0.216,1.368,3.156,2.199,1.289,1.629,1.277,0.555,2.004,1.979,1.844,1.943,0.656,0.491,0.791,0.272,2.094,2.859,1.682,0.63,2.276,0.35,0.854,2.429,1.541,1.534,2.994,2.046,0.534,0.268,0.863,0.401,1.469,0.433,1.141,1.313,1.598,1.387,0.64,3.227,0.128,2.508,0.227,3.448,0.412,1.731,3.053,1.908,0.801,3.556,0.527,1.892,2.5,2.401,0.658,3.77,1.445,2.977,2.155,0.808,4.345,0.638,2.315,2.905,2.975,1.382,0.671,2.092,2.311,2.068,0.691,1.124,1.949,1.314
ENSG00000272927,0.452,1.32,2.616,1.506,0.924,0,1.546,1.448,0.887,2.984,0.816,2.167,0.859,0.783,1.995,1.848,2.39,2.707,1.001,1.015,4.153,2.234,1.619,2.266,1.888,3.819,1.173,3.396,1.911,3.781,0.506,0.674,2.22,0.368,2.509,1.573,1.66,2.023,2.706,2.735,2.042,1.946,1.609,3.092,0.399,0.893,0.488,0.807,2.464,0.466,1.329,0.87,1.144,1.7,1.353,0.525,0.774,0.789,0.774,1.441,4.34,1.88,2.546,2.815,1.987,1.451,2.793,2.776,2.463,1.866,1.857,0.5,1.365,0.54,1.815,1.347,3.425,1.663,3.884,0.458,1.275,2.176,0.878,1.353,2.039,1.865,1.429,0.975,1.593,0.987,0.648,0.795,1.44,2.752,2.693,1.474,1.779,2.118,1.36,2.114,2.17,4.566,1.097,1.376,3.227,1.324,2.611,3.837,1.389,1.32,3.075,2.863,1.207,3.118,0.029,2.543,2.126,1.482,2.846,1.137,2.343,3.462,2.443,2.219,1.288,2.336,3.165,2.954,1.715,1.559,1.819,2.797
ENSG00000273000,1.563,2.425,2.21,2.659,0.709,0.217,2.346,1.999,1.431,4.123,1.038,1.886,1.79,1.179,3.317,1.337,3.171,4.779,2.288,0.726,2.938,3.742,3.779,3.205,2.749,2.821,1.134,4.937,2.335,3.928,1.551,1.054,3.58,1.639,3.693,2.455,2.637,2.607,3.766,3.104,1.594,2.945,2.221,1.342,0.753,0.941,0.522,1.404,1.729,1.176,0.786,2.742,1.086,3.093,1.639,1.167,1.464,1.689,1.151,2.595,5.239,3.82,2.583,2.532,2.812,1.517,1.968,3.099,3.559,3.504,1.426,1.285,3.467,0.725,2.874,2.151,1.965,1.037,3.111,0.883,1.5,2.883,3.164,2.227,3.091,1.324,1.889,0.538,1.749,1.511,1.43,1.715,2.665,3.772,3.581,3.447,1.641,2.749,0.984,3.556,1.271,3.841,1.424,2.967,4.079,3.256,1.857,3.978,1.656,2.87,3.342,1.995,2.596,2.289,1.408,3.553,1.876,1.049,2.949,2.131,3.19,5.039,4.5,3.519,3.242,2.596,2.88,3.467,3.911,3.225,2.618,2.849
ENSG00000273179,0.291,1.245,4.777,3.334,0.946,0.212,4.194,3.738,1.729,5.461,0.291,3.546,3.203,2.13,4.241,2.749,3.159,4.5,3.919,2.162,5.009,3.767,3.826,4.296,0.971,3.739,2.352,5.107,5.428,6.363,3.913,1.793,4.48,0.031,4.411,0.536,3.869,3.428,4.97,4.234,3.248,3.254,2.994,5.629,1.783,1.869,0.074,5.342,0.491,0.5,2.556,3.429,2.181,5.078,3.733,2.027,2.696,2.953,4.477,3.425,5.172,4.779,2.708,3.843,3.268,2.188,3.28,3.017,4.044,3.171,3.224,3.5,3.783,1.655,2.907,3.637,3.695,1.887,5.075,2.127,1.628,5.221,2.815,3.276,3.581,3.499,2.532,1.967,3.409,1.219,2.305,3.275,3.558,4.678,4.2,4.931,5.319,3.657,5.073,4.067,4.207,4.965,2.234,2.611,3.38,1.471,4.006,6.676,1.617,4.876,5.548,4.933,4.862,3.588,0.231,3.852,2.411,2.296,2.465,3.868,4.118,5.134,3.887,3.929,3.654,3.097,3.699,4.234,4.177,3.649,4.051,3.408
